Workbook
Name Print: Tue!$A$3:$P$52
Name SUBFRI: Fri!$A$71:$Z$107
Name SUBMON: Mon!$A$71:$Z$107
Name SUBSAT: Sat!$A$71:$Z$107
Name SUBTHUR: Thur!$A$71:$Z$107
Name SUBTUE: Tue!$A$71:$Z$107
Name SUBWED: Wed!$A$71:$Z$107

Sheet Mon
AC1: Monday
Y2: Hourly count of classes | AC2: V Semester | AG2: III Semester | AK2: I Semester
A3: TIME TABLE FOR THE YEAR 2020 - 2021 | I3: 43997 | P3: LEAVE | U3: Teachers | V3: Number of classes | X3: Teachers | Y3: 1st hour | Z3: 2nd hour | AA3: 3rd hour | AB3: 4th hour | AC3: 1st hour V sem | AD3: 2nd hour V sem | AE3: 3rd hour V sem | AF3: 4th hour V sem | AG3: 1st hour III Sem | AH3: 2nd hour III Sem | AI3: 3rd hour III Sem | AJ3: 4th hour III Sem | AK3: 1st hour I Sem | AL3: 2nd hour I Sem | AM3: 3rd hour I Sem | AN3: 4th hour I Sem | BX3: (SHA)red subjects dropdown
A4: Semester | C4: Section | E4: 8:30-9:20 | G4: 9:30-10:20 | I4: 10:20-10:50 | K4: 10:50-11:40 | M4: 11:50-12:40 | O4: Planned | P4: Planned | U4: (AB) | V4: =SUM(COUNTIF($E$5:$N$55,U4),IF(T4<>0,COUNTIF($E$5:$N$55,T4),0),IF(S4<>0,COUNTIF($E$5:$N$55,S4),0)) -> 2 | X4: =U4 -> (AB) | Y4: =SUM((COUNTIF($E$5:$F$55,$U4)),IF($T4<>0,(COUNTIF($E$5:$F$55,$T4))),IF($S4<>0,(COUNTIF($E$5:$F$55,$S4)))) -> 0 | Z4: =SUM(COUNTIF($G$5:$J$55,$U4),IF($T4<>0,(COUNTIF($G$5:$J$55,$T4))),IF($S4<>0,(COUNTIF($G$5:$J$55,$S4)))) -> 0 | AA4: =SUM(COUNTIF($K$5:$L$55,$U4),IF($T4<>0,(COUNTIF($K$5:$L$55,$T4))),IF($S4<>0,(COUNTIF($K$5:$L$55,$S4)))) -> 1 | AB4: =SUM(COUNTIF($M$5:$N$55,$U4),IF($T4<>0,(COUNTIF($M$5:$N$55,$T4))),IF($S4<>0,(COUNTIF($M$5:$N$55,$S4)))) -> 1 | AC4: =CONCATENATE(IF($U4=$F$5,$E$5,IF($U4=$F$6,$E$6,IF($U4=$F$7,$E$7,IF($U4=$F$8,$E$8,IF($U4=$F$9,$E$9,IF($U4=$F$10,$E$10,IF($U4=$F$11,$E$11,IF($U4=$F$12,$E$12,IF($U4=$F$13,$E$13,IF($U4=$F$14,$E$14,IF($U4=$F$15,$E$15,IF($U4=$F$16,$E$16,IF($U4=$F$17,$E$17,"")))))))))))))&" "&IF($U4=$F$5,"(A)",IF($U4=$F$6,"(B)",IF($U4=$F$7,"(C)",IF($U4=$F$8,"(D)",IF($U4=$F$9,"(E)",IF($U4=$F$10,"(F)",IF($U4=$F$11,"(G)",IF($U4=$F$12,"(H)",IF($U4=$F$13,"(I)",IF($U4=$F$14,"(J)",IF($U4=$F$15,"(K)",IF($U4=$F$16,"(L)",IF($U4=$F$17,"(L)","")))))))))))))) | AD4: =CONCATENATE(IF($U4=$H$5,$G$5,IF($U4=$H$6,$G$6,IF($U4=$H$7,$G$7,IF($U4=$H$8,$G$8,IF($U4=$H$9,$G$9,IF($U4=$H$10,$G$10,IF($U4=$H$11,$G$11,IF($U4=$H$12,$G$12,IF($U4=$H$13,$G$13,IF($U4=$H$14,$G$14,IF($U4=$H$15,$G$15,IF($U4=$H$16,$G$16,IF($U4=$H$17,$G$17,"")))))))))))))&" "&IF($U4=$H$5,"(A)",IF($U4=$H$6,"(B)",IF($U4=$H$7,"(C)",IF($U4=$H$8,"(D)",IF($U4=$H$9,"(E)",IF($U4=$H$10,"(F)",IF($U4=$H$11,"(G)",IF($U4=$H$12,"(H)",IF($U4=$H$13,"(I)",IF($U4=$H$14,"(J)",IF($U4=$H$15,"(K)",IF($U4=$H$16,"(L)",IF($U4=$H$17,"(L)","")))))))))))))) | AE4: =CONCATENATE(IF($U4=$L$5,$K$5,IF($U4=$L$6,$K$6,IF($U4=$L$7,$K$7,IF($U4=$L$8,$K$8,IF($U4=$L$9,$K$9,IF($U4=$L$10,$K$10,IF($U4=$L$11,$K$11,IF($U4=$L$12,$K$12,IF($U4=$L$13,$K$13,IF($U4=$L$14,$K$14,IF($U4=$L$15,$K$15,IF($U4=$L$16,$K$16,IF($U4=$L$17,$K$17,"")))))))))))))&" "&IF($U4=$L$5,"(A)",IF($U4=$L$6,"(B)",IF($U4=$L$7,"(C)",IF($U4=$L$8,"(D)",IF($U4=$L$9,"(E)",IF($U4=$L$10,"(F)",IF($U4=$L$11,"(G)",IF($U4=$L$12,"(H)",IF($U4=$L$13,"(I)",IF($U4=$L$14,"(J)",IF($U4=$L$15,"(K)",IF($U4=$L$16,"(L)",IF($U4=$L$17,"(L)","")))))))))))))) | AF4: =CONCATENATE(IF($U4=$N$5,$M$5,IF($U4=$N$6,$M$6,IF($U4=$N$7,$M$7,IF($U4=$N$8,$M$8,IF($U4=$N$9,$M$9,IF($U4=$N$10,$M$10,IF($U4=$N$11,$M$11,IF($U4=$N$12,$M$12,IF($U4=$N$13,$M$13,IF($U4=$N$14,$M$14,IF($U4=$N$15,$M$15,IF($U4=$N$16,$M$16,IF($U4=$N$17,$M$17,"")))))))))))))&" "&(IF($U4=$N$5,"(A)",IF($U4=$N$6,"(B)",IF($U4=$N$7,"(C)",IF($U4=$N$8,"(D)",IF($U4=$N$9,"(E)",IF($U4=$N$10,"(F)",IF($U4=$N$11,"(G)",IF($U4=$N$12,"(H)",IF($U4=$N$13,"(I)",IF($U4=$N$14,"(J)",IF($U4=$N$15,"(K)",IF($U4=$N$16,"(L)",IF($U4=$N$17,"(L)",""))))))))))))))) | AG4: =CONCATENATE(IF($U4=$F$21,$E$21,IF($U4=$F$22,$E$22,IF($U4=$F$23,$E$23,IF($U4=$F$24,$E$24,IF($U4=$F$25,$E$25,IF($U4=$F$26,$E$26,IF($U4=$F$27,$E$27,IF($U4=$F$28,$E$28,IF($U4=$F$29,$E$29,IF($U4=$F$30,$E$30,IF($U4=$F$31,$E$31,IF($U4=$F$32,$E$32,IF($U4=$F$33,$E$33,IF($U4=$F$34,$E$34,"")))))))))))))&" "&(IF($U4=$F$21,"(A)",IF($U4=$F$22,"(B)",IF($U4=$F$23,"(C)",IF($U4=$F$24,"(D)",IF($U4=$F$25,"(E)",IF($U4=$F$26,"(F)",IF($U4=$F$27,"(G)",IF($U4=$F$28,"(H)",IF($U4=$F$29,"(I)",IF($U4=$F$30,"(J)",IF($U4=$D$63,"(K)",IF($U4=$F$32,"(L)",IF($U4=$F$33,"(M)",IF($U4=$F$34,"(N)",""))))))))))))))))) | AH4: =CONCATENATE(IF($U4=$H$21,$G$21,IF($U4=$H$22,$G$22,IF($U4=$H$23,$G$23,IF($U4=$H$24,$G$24,IF($U4=$H$25,$G$25,IF($U4=$H$26,$G$26,IF($U4=$H$27,$G$27,IF($U4=$H$28,$G$28,IF($U4=$H$29,$G$29,IF($U4=$H$30,$G$30,IF($U4=$H$31,$G$31,IF($U4=$H$32,$G$32,IF($U4=$H$33,$G$33,IF($U4=$H$34,$G$34,""))))))))))))))&" "&(IF($U4=$H$21,"(A)",IF($U4=$H$22,"(B)",IF($U4=$H$23,"(C)",IF($U4=$H$24,"(D)",IF($U4=$H$25,"(E)",IF($U4=$H$26,"(F)",IF($U4=$H$27,"(G)",IF($U4=$H$28,"(H)",IF($U4=$H$29,"(I)",IF($U4=$H$30,"(J)",IF($U4=$H$31,"(K)",IF($U4=$H$32,"(L)",IF($U4=$H$33,"(M)",IF($U4=$H$34,"(N)","")))))))))))))))) | AI4: =CONCATENATE(IF($U4=$L$21,$K$21,IF($U4=$L$22,$K$22,IF($U4=$L$23,$K$23,IF($U4=$L$24,$K$24,IF($U4=$L$25,$K$25,IF($U4=$L$26,$K$26,IF($U4=$L$27,$K$27,IF($U4=$L$28,$K$28,IF($U4=$L$29,$K$29,IF($U4=$L$30,$K$30,IF($U4=$L$31,$K$31,IF($U4=$L$32,$K$32,IF($U4=$L$33,$K$33,IF($U4=$L$34,$K$34,""))))))))))))))&" "&IF($U4=$L$21,"(A)",IF($U4=$L$22,"(B)",IF($U4=$L$23,"(C)",IF($U4=$L$24,"(D)",IF($U4=$L$25,"(E)",IF($U4=$L$26,"(F)",IF($U4=$L$27,"(G)",IF($U4=$L$28,"(H)",IF($U4=$L$29,"(I)",IF($U4=$L$30,"(J)",IF($U4=$L$31,"(K)",IF($U4=$L$32,"(L)",IF($U4=$L$33,"(M)",IF($U4=$L$34,"(N)",""))))))))))))))) | AJ4: =CONCATENATE(IF($U4=$N$21,$M$21,IF($U4=$N$22,$M$22,IF($U4=$N$23,$M$23,IF($U4=$N$24,$M$24,IF($U4=$N$25,$M$25,IF($U4=$N$26,$M$26,IF($U4=$N$27,$M$27,IF($U4=$N$28,$M$28,IF($U4=$N$29,$M$29,IF($U4=$N$30,$M$30,IF($U4=$N$31,$M$31,IF($U4=$N$32,$M$32,IF($U4=$N$33,$M$33,IF($U4=$N$34,$M$34,""))))))))))))))&" "&(IF($U4=$N$21,"(A)",IF($U4=$N$22,"(B)",IF($U4=$N$23,"(C)",IF($U4=$N$24,"(D)",IF($U4=$N$25,"(E)",IF($U4=$N$26,"(F)",IF($U4=$N$27,"(G)",IF($U4=$N$28,"(H)",IF($U4=$N$29,"(I)",IF($U4=$N$30,"(J)",IF($U4=$N$31,"(K)",IF($U4=$N$32,"(L)",IF($U4=$N$33,"(M)",IF($U4=$N$34,"(N)","")))))))))))))))) | AK4: =CONCATENATE(IF($U4=$F$37,$E$37,IF($U4=$F$38,$E$38,IF($U4=$F$39,$E$39,IF($U4=$F$40,$E$40,IF($U4=$F$41,$E$41,IF($U4=$F$42,$E$42,IF($U4=$F$43,$E$43,IF($U4=$F$44,$E$44,IF($U4=$F$45,$E$45,IF($U4=$F$46,$E$46,IF($U4=$F$47,$E$47,IF($U4=$F$48,$E$48,IF($U4=$F$49,$E$49,IF($U4=$F$50,$E$50,IF($U4=$F$51,$E$51,""))))))))))))))&" "&IF($U4=$F$38,"(A)",IF($U4=$F$39,"(B)",IF($U4=$F$40,"(C)",IF($U4=$F$41,"(D)",IF($U4=$F$42,"(E)",IF($U4=$F$43,"(F)",IF($U4=$F$44,"(G)",IF($U4=$F$45,"(H)",IF($U4=$F$46,"(I)",IF($U4=$F$47,"(J)",IF($U4=$F$48,"(K)",IF($U4=$F$49,"(L)",IF($U4=$F$50,"(M)",IF($U4=$F$51,"(N)","")))))))))))))))) | AL4: =CONCATENATE(IF($U4=$H$37,$G$37,IF($U4=$H$38,$G$38,IF($U4=$H$39,$G$39,IF($U4=$H$40,$G$40,IF($U4=$H$41,$G$41,IF($U4=$H$42,$G$42,IF($U4=$H$43,$G$43,IF($U4=$H$44,$G$44,IF($U4=$H$45,$G$45,IF($U4=$H$46,$G$46,IF($U4=$H$47,$G$47,IF($U4=$H$48,$G$48,IF($U4=$H$49,$G$49,IF($U4=$H$50,$G$50,IF($U4=$H$51,$G$51,"")))))))))))))))&" "&IF($U4=$H$38,"(A)",IF($U4=$H$39,"(B)",IF($U4=$H$40,"(C)",IF($U4=$H$41,"(D)",IF($U4=$H$42,"(E)",IF($U4=$H$43,"(F)",IF($U4=$H$44,"(G)",IF($U4=$H$45,"(H)",IF($U4=$H$46,"(I)",IF($U4=$H$47,"(J)",IF($U4=$H$48,"(K)",IF($U4=$H$49,"(L)",IF($U4=$H$50,"(M)",IF($U4=$H$51,"(N)",""))))))))))))))) | AM4: =CONCATENATE(IF($U4=$L$37,$K$37,IF($U4=$L$38,$K$38,IF($U4=$L$39,$K$39,IF($U4=$L$40,$K$40,IF($U4=$L$41,$K$41,IF($U4=$L$42,$K$42,IF($U4=$L$43,$K$43,IF($U4=$L$44,$K$44,IF($U4=$L$45,$K$45,IF($U4=$L$46,$K$46,IF($U4=$L$47,$K$47,IF($U4=$L$48,$K$48,IF($U4=$L$49,$K$49,IF($U4=$L$50,$K$50,IF($U4=$L$51,$K$51,"")))))))))))))))&" "&IF($U4=$L$38,"(A)",IF($U4=$L$39,"(B)",IF($U4=$L$40,"(C)",IF($U4=$L$41,"(D)",IF($U4=$L$42,"(E)",IF($U4=$L$43,"(F)",IF($U4=$L$44,"(G)",IF($U4=$L$45,"(H)",IF($U4=$L$46,"(I)",IF($U4=$L$47,"(J)",IF($U4=$L$48,"(K)",IF($U4=$L$49,"(L)",IF($U4=$L$50,"(M)",IF($U4=$L$51,"(N)",""))))))))))))))) -> BT (J) | AN4: =CONCATENATE(IF($U4=$N$37,$M$37,IF($U4=$N$38,$M$38,IF($U4=$N$39,$M$39,IF($U4=$N$40,$M$40,IF($U4=$N$41,$M$41,IF($U4=$N$42,$M$42,IF($U4=$N$43,$M$43,IF($U4=$N$44,$M$44,IF($U4=$N$45,$M$45,IF($U4=$N$46,$M$46,IF($U4=$N$47,$M$47,IF($U4=$N$48,$M$48,IF($U4=$N$49,$M$49,IF($U4=$N$50,$M$50,IF($U4=$N$51,$M$51,"")))))))))))))))&" "&IF($U4=$N$38,"(A)",IF($U4=$N$39,"(B)",IF($U4=$N$40,"(C)",IF($U4=$N$41,"(D)",IF($U4=$N$42,"(E)",IF($U4=$N$43,"(F)",IF($U4=$N$44,"(G)",IF($U4=$N$45,"(H)",IF($U4=$N$46,"(I)",IF($U4=$N$47,"(J)",IF($U4=$N$48,"(K)",IF($U4=$N$49,"(L)",IF($U4=$N$50,"(M)",IF($U4=$N$51,"(N)",""))))))))))))))) -> BT (G) | BV4: Things to do | BX4: A, B, C | BY4: D | BZ4: E | CA4: F, G
A5: 5 | B5: F+ECOM | C5: A | E5: =_xlfn.XLOOKUP(F5, $A$100:$A$107, $B$100:$B$107, "Training") -> MA | F5: (KR) | G5: =_xlfn.XLOOKUP(H5, $A$100:$A$107, $B$100:$B$107, "Training") -> FMS | H5: (SUN) | I5: BREAK | K5: =_xlfn.XLOOKUP(L5, $A$100:$A$107, $B$100:$B$107, "Training") -> AA | L5: (SUP) | M5: =_xlfn.XLOOKUP(N5, $A$100:$A$107, $B$100:$B$107, "Training") -> IT | N5: (SRN) | O5: =IF(P5="",".",P5) -> . | U5: (AD) | V5: =SUM(COUNTIF($E$5:$N$55,U5),IF(T5<>0,COUNTIF($E$5:$N$55,T5),0),IF(S5<>0,COUNTIF($E$5:$N$55,S5),0)) -> 3 | X5: =U5 -> (AD) | Y5: =SUM((COUNTIF($E$5:$F$55,$U5)),IF($T5<>0,(COUNTIF($E$5:$F$55,$T5))),IF($S5<>0,(COUNTIF($E$5:$F$55,$S5)))) -> 1 | Z5: =SUM(COUNTIF($G$5:$J$55,$U5),IF($T5<>0,(COUNTIF($G$5:$J$55,$T5))),IF($S5<>0,(COUNTIF($G$5:$J$55,$S5)))) -> 1 | AA5: =SUM(COUNTIF($K$5:$L$55,$U5),IF($T5<>0,(COUNTIF($K$5:$L$55,$T5))),IF($S5<>0,(COUNTIF($K$5:$L$55,$S5)))) -> 0 | AB5: =SUM(COUNTIF($M$5:$N$55,$U5),IF($T5<>0,(COUNTIF($M$5:$N$55,$T5))),IF($S5<>0,(COUNTIF($M$5:$N$55,$S5)))) -> 1 | AC5: =CONCATENATE(IF($U5=$F$5,$E$5,IF($U5=$F$6,$E$6,IF($U5=$F$7,$E$7,IF($U5=$F$8,$E$8,IF($U5=$F$9,$E$9,IF($U5=$F$10,$E$10,IF($U5=$F$11,$E$11,IF($U5=$F$12,$E$12,IF($U5=$F$13,$E$13,IF($U5=$F$14,$E$14,IF($U5=$F$15,$E$15,IF($U5=$F$16,$E$16,IF($U5=$F$17,$E$17,"")))))))))))))&" "&IF($U5=$F$5,"(A)",IF($U5=$F$6,"(B)",IF($U5=$F$7,"(C)",IF($U5=$F$8,"(D)",IF($U5=$F$9,"(E)",IF($U5=$F$10,"(F)",IF($U5=$F$11,"(G)",IF($U5=$F$12,"(H)",IF($U5=$F$13,"(I)",IF($U5=$F$14,"(J)",IF($U5=$F$15,"(K)",IF($U5=$F$16,"(L)",IF($U5=$F$17,"(L)","")))))))))))))) -> IT (E) | AD5: =CONCATENATE(IF($U5=$H$5,$G$5,IF($U5=$H$6,$G$6,IF($U5=$H$7,$G$7,IF($U5=$H$8,$G$8,IF($U5=$H$9,$G$9,IF($U5=$H$10,$G$10,IF($U5=$H$11,$G$11,IF($U5=$H$12,$G$12,IF($U5=$H$13,$G$13,IF($U5=$H$14,$G$14,IF($U5=$H$15,$G$15,IF($U5=$H$16,$G$16,IF($U5=$H$17,$G$17,"")))))))))))))&" "&IF($U5=$H$5,"(A)",IF($U5=$H$6,"(B)",IF($U5=$H$7,"(C)",IF($U5=$H$8,"(D)",IF($U5=$H$9,"(E)",IF($U5=$H$10,"(F)",IF($U5=$H$11,"(G)",IF($U5=$H$12,"(H)",IF($U5=$H$13,"(I)",IF($U5=$H$14,"(J)",IF($U5=$H$15,"(K)",IF($U5=$H$16,"(L)",IF($U5=$H$17,"(L)","")))))))))))))) -> IT (K) | AE5: =CONCATENATE(IF($U5=$L$5,$K$5,IF($U5=$L$6,$K$6,IF($U5=$L$7,$K$7,IF($U5=$L$8,$K$8,IF($U5=$L$9,$K$9,IF($U5=$L$10,$K$10,IF($U5=$L$11,$K$11,IF($U5=$L$12,$K$12,IF($U5=$L$13,$K$13,IF($U5=$L$14,$K$14,IF($U5=$L$15,$K$15,IF($U5=$L$16,$K$16,IF($U5=$L$17,$K$17,"")))))))))))))&" "&IF($U5=$L$5,"(A)",IF($U5=$L$6,"(B)",IF($U5=$L$7,"(C)",IF($U5=$L$8,"(D)",IF($U5=$L$9,"(E)",IF($U5=$L$10,"(F)",IF($U5=$L$11,"(G)",IF($U5=$L$12,"(H)",IF($U5=$L$13,"(I)",IF($U5=$L$14,"(J)",IF($U5=$L$15,"(K)",IF($U5=$L$16,"(L)",IF($U5=$L$17,"(L)","")))))))))))))) | AF5: =CONCATENATE(IF($U5=$N$5,$M$5,IF($U5=$N$6,$M$6,IF($U5=$N$7,$M$7,IF($U5=$N$8,$M$8,IF($U5=$N$9,$M$9,IF($U5=$N$10,$M$10,IF($U5=$N$11,$M$11,IF($U5=$N$12,$M$12,IF($U5=$N$13,$M$13,IF($U5=$N$14,$M$14,IF($U5=$N$15,$M$15,IF($U5=$N$16,$M$16,IF($U5=$N$17,$M$17,"")))))))))))))&" "&(IF($U5=$N$5,"(A)",IF($U5=$N$6,"(B)",IF($U5=$N$7,"(C)",IF($U5=$N$8,"(D)",IF($U5=$N$9,"(E)",IF($U5=$N$10,"(F)",IF($U5=$N$11,"(G)",IF($U5=$N$12,"(H)",IF($U5=$N$13,"(I)",IF($U5=$N$14,"(J)",IF($U5=$N$15,"(K)",IF($U5=$N$16,"(L)",IF($U5=$N$17,"(L)",""))))))))))))))) -> RM (I) | AG5: =CONCATENATE(IF($U5=$F$21,$E$21,IF($U5=$F$22,$E$22,IF($U5=$F$23,$E$23,IF($U5=$F$24,$E$24,IF($U5=$F$25,$E$25,IF($U5=$F$26,$E$26,IF($U5=$F$27,$E$27,IF($U5=$F$28,$E$28,IF($U5=$F$29,$E$29,IF($U5=$F$30,$E$30,IF($U5=$F$31,$E$31,IF($U5=$F$32,$E$32,IF($U5=$F$33,$E$33,IF($U5=$F$34,$E$34,"")))))))))))))&" "&(IF($U5=$F$21,"(A)",IF($U5=$F$22,"(B)",IF($U5=$F$23,"(C)",IF($U5=$F$24,"(D)",IF($U5=$F$25,"(E)",IF($U5=$F$26,"(F)",IF($U5=$F$27,"(G)",IF($U5=$F$28,"(H)",IF($U5=$F$29,"(I)",IF($U5=$F$30,"(J)",IF($U5=$D$63,"(K)",IF($U5=$F$32,"(L)",IF($U5=$F$33,"(M)",IF($U5=$F$34,"(N)",""))))))))))))))))) | AH5: =CONCATENATE(IF($U5=$H$21,$G$21,IF($U5=$H$22,$G$22,IF($U5=$H$23,$G$23,IF($U5=$H$24,$G$24,IF($U5=$H$25,$G$25,IF($U5=$H$26,$G$26,IF($U5=$H$27,$G$27,IF($U5=$H$28,$G$28,IF($U5=$H$29,$G$29,IF($U5=$H$30,$G$30,IF($U5=$H$31,$G$31,IF($U5=$H$32,$G$32,IF($U5=$H$33,$G$33,IF($U5=$H$34,$G$34,""))))))))))))))&" "&(IF($U5=$H$21,"(A)",IF($U5=$H$22,"(B)",IF($U5=$H$23,"(C)",IF($U5=$H$24,"(D)",IF($U5=$H$25,"(E)",IF($U5=$H$26,"(F)",IF($U5=$H$27,"(G)",IF($U5=$H$28,"(H)",IF($U5=$H$29,"(I)",IF($U5=$H$30,"(J)",IF($U5=$H$31,"(K)",IF($U5=$H$32,"(L)",IF($U5=$H$33,"(M)",IF($U5=$H$34,"(N)","")))))))))))))))) | AI5: =CONCATENATE(IF($U5=$L$21,$K$21,IF($U5=$L$22,$K$22,IF($U5=$L$23,$K$23,IF($U5=$L$24,$K$24,IF($U5=$L$25,$K$25,IF($U5=$L$26,$K$26,IF($U5=$L$27,$K$27,IF($U5=$L$28,$K$28,IF($U5=$L$29,$K$29,IF($U5=$L$30,$K$30,IF($U5=$L$31,$K$31,IF($U5=$L$32,$K$32,IF($U5=$L$33,$K$33,IF($U5=$L$34,$K$34,""))))))))))))))&" "&IF($U5=$L$21,"(A)",IF($U5=$L$22,"(B)",IF($U5=$L$23,"(C)",IF($U5=$L$24,"(D)",IF($U5=$L$25,"(E)",IF($U5=$L$26,"(F)",IF($U5=$L$27,"(G)",IF($U5=$L$28,"(H)",IF($U5=$L$29,"(I)",IF($U5=$L$30,"(J)",IF($U5=$L$31,"(K)",IF($U5=$L$32,"(L)",IF($U5=$L$33,"(M)",IF($U5=$L$34,"(N)",""))))))))))))))) | AJ5: =CONCATENATE(IF($U5=$N$21,$M$21,IF($U5=$N$22,$M$22,IF($U5=$N$23,$M$23,IF($U5=$N$24,$M$24,IF($U5=$N$25,$M$25,IF($U5=$N$26,$M$26,IF($U5=$N$27,$M$27,IF($U5=$N$28,$M$28,IF($U5=$N$29,$M$29,IF($U5=$N$30,$M$30,IF($U5=$N$31,$M$31,IF($U5=$N$32,$M$32,IF($U5=$N$33,$M$33,IF($U5=$N$34,$M$34,""))))))))))))))&" "&(IF($U5=$N$21,"(A)",IF($U5=$N$22,"(B)",IF($U5=$N$23,"(C)",IF($U5=$N$24,"(D)",IF($U5=$N$25,"(E)",IF($U5=$N$26,"(F)",IF($U5=$N$27,"(G)",IF($U5=$N$28,"(H)",IF($U5=$N$29,"(I)",IF($U5=$N$30,"(J)",IF($U5=$N$31,"(K)",IF($U5=$N$32,"(L)",IF($U5=$N$33,"(M)",IF($U5=$N$34,"(N)","")))))))))))))))) | AK5: =CONCATENATE(IF($U5=$F$37,$E$37,IF($U5=$F$38,$E$38,IF($U5=$F$39,$E$39,IF($U5=$F$40,$E$40,IF($U5=$F$41,$E$41,IF($U5=$F$42,$E$42,IF($U5=$F$43,$E$43,IF($U5=$F$44,$E$44,IF($U5=$F$45,$E$45,IF($U5=$F$46,$E$46,IF($U5=$F$47,$E$47,IF($U5=$F$48,$E$48,IF($U5=$F$49,$E$49,IF($U5=$F$50,$E$50,IF($U5=$F$51,$E$51,""))))))))))))))&" "&IF($U5=$F$38,"(A)",IF($U5=$F$39,"(B)",IF($U5=$F$40,"(C)",IF($U5=$F$41,"(D)",IF($U5=$F$42,"(E)",IF($U5=$F$43,"(F)",IF($U5=$F$44,"(G)",IF($U5=$F$45,"(H)",IF($U5=$F$46,"(I)",IF($U5=$F$47,"(J)",IF($U5=$F$48,"(K)",IF($U5=$F$49,"(L)",IF($U5=$F$50,"(M)",IF($U5=$F$51,"(N)","")))))))))))))))) | AL5: =CONCATENATE(IF($U5=$H$37,$G$37,IF($U5=$H$38,$G$38,IF($U5=$H$39,$G$39,IF($U5=$H$40,$G$40,IF($U5=$H$41,$G$41,IF($U5=$H$42,$G$42,IF($U5=$H$43,$G$43,IF($U5=$H$44,$G$44,IF($U5=$H$45,$G$45,IF($U5=$H$46,$G$46,IF($U5=$H$47,$G$47,IF($U5=$H$48,$G$48,IF($U5=$H$49,$G$49,IF($U5=$H$50,$G$50,IF($U5=$H$51,$G$51,"")))))))))))))))&" "&IF($U5=$H$38,"(A)",IF($U5=$H$39,"(B)",IF($U5=$H$40,"(C)",IF($U5=$H$41,"(D)",IF($U5=$H$42,"(E)",IF($U5=$H$43,"(F)",IF($U5=$H$44,"(G)",IF($U5=$H$45,"(H)",IF($U5=$H$46,"(I)",IF($U5=$H$47,"(J)",IF($U5=$H$48,"(K)",IF($U5=$H$49,"(L)",IF($U5=$H$50,"(M)",IF($U5=$H$51,"(N)",""))))))))))))))) | AM5: =CONCATENATE(IF($U5=$L$37,$K$37,IF($U5=$L$38,$K$38,IF($U5=$L$39,$K$39,IF($U5=$L$40,$K$40,IF($U5=$L$41,$K$41,IF($U5=$L$42,$K$42,IF($U5=$L$43,$K$43,IF($U5=$L$44,$K$44,IF($U5=$L$45,$K$45,IF($U5=$L$46,$K$46,IF($U5=$L$47,$K$47,IF($U5=$L$48,$K$48,IF($U5=$L$49,$K$49,IF($U5=$L$50,$K$50,IF($U5=$L$51,$K$51,"")))))))))))))))&" "&IF($U5=$L$38,"(A)",IF($U5=$L$39,"(B)",IF($U5=$L$40,"(C)",IF($U5=$L$41,"(D)",IF($U5=$L$42,"(E)",IF($U5=$L$43,"(F)",IF($U5=$L$44,"(G)",IF($U5=$L$45,"(H)",IF($U5=$L$46,"(I)",IF($U5=$L$47,"(J)",IF($U5=$L$48,"(K)",IF($U5=$L$49,"(L)",IF($U5=$L$50,"(M)",IF($U5=$L$51,"(N)",""))))))))))))))) | AN5: =CONCATENATE(IF($U5=$N$37,$M$37,IF($U5=$N$38,$M$38,IF($U5=$N$39,$M$39,IF($U5=$N$40,$M$40,IF($U5=$N$41,$M$41,IF($U5=$N$42,$M$42,IF($U5=$N$43,$M$43,IF($U5=$N$44,$M$44,IF($U5=$N$45,$M$45,IF($U5=$N$46,$M$46,IF($U5=$N$47,$M$47,IF($U5=$N$48,$M$48,IF($U5=$N$49,$M$49,IF($U5=$N$50,$M$50,IF($U5=$N$51,$M$51,"")))))))))))))))&" "&IF($U5=$N$38,"(A)",IF($U5=$N$39,"(B)",IF($U5=$N$40,"(C)",IF($U5=$N$41,"(D)",IF($U5=$N$42,"(E)",IF($U5=$N$43,"(F)",IF($U5=$N$44,"(G)",IF($U5=$N$45,"(H)",IF($U5=$N$46,"(I)",IF($U5=$N$47,"(J)",IF($U5=$N$48,"(K)",IF($U5=$N$49,"(L)",IF($U5=$N$50,"(M)",IF($U5=$N$51,"(N)",""))))))))))))))) | BV5: Balancing of classes
B6: F+ECOM | C6: B | E6: =_xlfn.XLOOKUP(F6, $C$100:$C$107, $D$100:$D$107, "Training") -> IF | F6: (SRN) | G6: =_xlfn.XLOOKUP(H6, $C$100:$C$107, $D$100:$D$107, "Training") -> ECOM | H6: (SR) | K6: =_xlfn.XLOOKUP(L6, $C$100:$C$107, $D$100:$D$107, "Training") -> IT | L6: (UK) | M6: =_xlfn.XLOOKUP(N6, $C$100:$C$107, $D$100:$D$107, "Training") -> FMS | N6: (MS) | O6: =IF(P6="",".",P6) -> . | U6: (AG) | V6: =SUM(COUNTIF($E$5:$N$55,U6),IF(T6<>0,COUNTIF($E$5:$N$55,T6),0),IF(S6<>0,COUNTIF($E$5:$N$55,S6),0)) -> 3 | X6: =U6 -> (AG) | Y6: =SUM((COUNTIF($E$5:$F$55,$U6)),IF($T6<>0,(COUNTIF($E$5:$F$55,$T6))),IF($S6<>0,(COUNTIF($E$5:$F$55,$S6)))) -> 0 | Z6: =SUM(COUNTIF($G$5:$J$55,$U6),IF($T6<>0,(COUNTIF($G$5:$J$55,$T6))),IF($S6<>0,(COUNTIF($G$5:$J$55,$S6)))) -> 1 | AA6: =SUM(COUNTIF($K$5:$L$55,$U6),IF($T6<>0,(COUNTIF($K$5:$L$55,$T6))),IF($S6<>0,(COUNTIF($K$5:$L$55,$S6)))) -> 0 | AB6: =SUM(COUNTIF($M$5:$N$55,$U6),IF($T6<>0,(COUNTIF($M$5:$N$55,$T6))),IF($S6<>0,(COUNTIF($M$5:$N$55,$S6)))) -> 2 | AC6: =CONCATENATE(IF($U6=$F$5,$E$5,IF($U6=$F$6,$E$6,IF($U6=$F$7,$E$7,IF($U6=$F$8,$E$8,IF($U6=$F$9,$E$9,IF($U6=$F$10,$E$10,IF($U6=$F$11,$E$11,IF($U6=$F$12,$E$12,IF($U6=$F$13,$E$13,IF($U6=$F$14,$E$14,IF($U6=$F$15,$E$15,IF($U6=$F$16,$E$16,IF($U6=$F$17,$E$17,"")))))))))))))&" "&IF($U6=$F$5,"(A)",IF($U6=$F$6,"(B)",IF($U6=$F$7,"(C)",IF($U6=$F$8,"(D)",IF($U6=$F$9,"(E)",IF($U6=$F$10,"(F)",IF($U6=$F$11,"(G)",IF($U6=$F$12,"(H)",IF($U6=$F$13,"(I)",IF($U6=$F$14,"(J)",IF($U6=$F$15,"(K)",IF($U6=$F$16,"(L)",IF($U6=$F$17,"(L)","")))))))))))))) | AD6: =CONCATENATE(IF($U6=$H$5,$G$5,IF($U6=$H$6,$G$6,IF($U6=$H$7,$G$7,IF($U6=$H$8,$G$8,IF($U6=$H$9,$G$9,IF($U6=$H$10,$G$10,IF($U6=$H$11,$G$11,IF($U6=$H$12,$G$12,IF($U6=$H$13,$G$13,IF($U6=$H$14,$G$14,IF($U6=$H$15,$G$15,IF($U6=$H$16,$G$16,IF($U6=$H$17,$G$17,"")))))))))))))&" "&IF($U6=$H$5,"(A)",IF($U6=$H$6,"(B)",IF($U6=$H$7,"(C)",IF($U6=$H$8,"(D)",IF($U6=$H$9,"(E)",IF($U6=$H$10,"(F)",IF($U6=$H$11,"(G)",IF($U6=$H$12,"(H)",IF($U6=$H$13,"(I)",IF($U6=$H$14,"(J)",IF($U6=$H$15,"(K)",IF($U6=$H$16,"(L)",IF($U6=$H$17,"(L)","")))))))))))))) | AE6: =CONCATENATE(IF($U6=$L$5,$K$5,IF($U6=$L$6,$K$6,IF($U6=$L$7,$K$7,IF($U6=$L$8,$K$8,IF($U6=$L$9,$K$9,IF($U6=$L$10,$K$10,IF($U6=$L$11,$K$11,IF($U6=$L$12,$K$12,IF($U6=$L$13,$K$13,IF($U6=$L$14,$K$14,IF($U6=$L$15,$K$15,IF($U6=$L$16,$K$16,IF($U6=$L$17,$K$17,"")))))))))))))&" "&IF($U6=$L$5,"(A)",IF($U6=$L$6,"(B)",IF($U6=$L$7,"(C)",IF($U6=$L$8,"(D)",IF($U6=$L$9,"(E)",IF($U6=$L$10,"(F)",IF($U6=$L$11,"(G)",IF($U6=$L$12,"(H)",IF($U6=$L$13,"(I)",IF($U6=$L$14,"(J)",IF($U6=$L$15,"(K)",IF($U6=$L$16,"(L)",IF($U6=$L$17,"(L)","")))))))))))))) | AF6: =CONCATENATE(IF($U6=$N$5,$M$5,IF($U6=$N$6,$M$6,IF($U6=$N$7,$M$7,IF($U6=$N$8,$M$8,IF($U6=$N$9,$M$9,IF($U6=$N$10,$M$10,IF($U6=$N$11,$M$11,IF($U6=$N$12,$M$12,IF($U6=$N$13,$M$13,IF($U6=$N$14,$M$14,IF($U6=$N$15,$M$15,IF($U6=$N$16,$M$16,IF($U6=$N$17,$M$17,"")))))))))))))&" "&(IF($U6=$N$5,"(A)",IF($U6=$N$6,"(B)",IF($U6=$N$7,"(C)",IF($U6=$N$8,"(D)",IF($U6=$N$9,"(E)",IF($U6=$N$10,"(F)",IF($U6=$N$11,"(G)",IF($U6=$N$12,"(H)",IF($U6=$N$13,"(I)",IF($U6=$N$14,"(J)",IF($U6=$N$15,"(K)",IF($U6=$N$16,"(L)",IF($U6=$N$17,"(L)",""))))))))))))))) | AG6: =CONCATENATE(IF($U6=$F$21,$E$21,IF($U6=$F$22,$E$22,IF($U6=$F$23,$E$23,IF($U6=$F$24,$E$24,IF($U6=$F$25,$E$25,IF($U6=$F$26,$E$26,IF($U6=$F$27,$E$27,IF($U6=$F$28,$E$28,IF($U6=$F$29,$E$29,IF($U6=$F$30,$E$30,IF($U6=$F$31,$E$31,IF($U6=$F$32,$E$32,IF($U6=$F$33,$E$33,IF($U6=$F$34,$E$34,"")))))))))))))&" "&(IF($U6=$F$21,"(A)",IF($U6=$F$22,"(B)",IF($U6=$F$23,"(C)",IF($U6=$F$24,"(D)",IF($U6=$F$25,"(E)",IF($U6=$F$26,"(F)",IF($U6=$F$27,"(G)",IF($U6=$F$28,"(H)",IF($U6=$F$29,"(I)",IF($U6=$F$30,"(J)",IF($U6=$D$63,"(K)",IF($U6=$F$32,"(L)",IF($U6=$F$33,"(M)",IF($U6=$F$34,"(N)",""))))))))))))))))) | AH6: =CONCATENATE(IF($U6=$H$21,$G$21,IF($U6=$H$22,$G$22,IF($U6=$H$23,$G$23,IF($U6=$H$24,$G$24,IF($U6=$H$25,$G$25,IF($U6=$H$26,$G$26,IF($U6=$H$27,$G$27,IF($U6=$H$28,$G$28,IF($U6=$H$29,$G$29,IF($U6=$H$30,$G$30,IF($U6=$H$31,$G$31,IF($U6=$H$32,$G$32,IF($U6=$H$33,$G$33,IF($U6=$H$34,$G$34,""))))))))))))))&" "&(IF($U6=$H$21,"(A)",IF($U6=$H$22,"(B)",IF($U6=$H$23,"(C)",IF($U6=$H$24,"(D)",IF($U6=$H$25,"(E)",IF($U6=$H$26,"(F)",IF($U6=$H$27,"(G)",IF($U6=$H$28,"(H)",IF($U6=$H$29,"(I)",IF($U6=$H$30,"(J)",IF($U6=$H$31,"(K)",IF($U6=$H$32,"(L)",IF($U6=$H$33,"(M)",IF($U6=$H$34,"(N)","")))))))))))))))) | AI6: =CONCATENATE(IF($U6=$L$21,$K$21,IF($U6=$L$22,$K$22,IF($U6=$L$23,$K$23,IF($U6=$L$24,$K$24,IF($U6=$L$25,$K$25,IF($U6=$L$26,$K$26,IF($U6=$L$27,$K$27,IF($U6=$L$28,$K$28,IF($U6=$L$29,$K$29,IF($U6=$L$30,$K$30,IF($U6=$L$31,$K$31,IF($U6=$L$32,$K$32,IF($U6=$L$33,$K$33,IF($U6=$L$34,$K$34,""))))))))))))))&" "&IF($U6=$L$21,"(A)",IF($U6=$L$22,"(B)",IF($U6=$L$23,"(C)",IF($U6=$L$24,"(D)",IF($U6=$L$25,"(E)",IF($U6=$L$26,"(F)",IF($U6=$L$27,"(G)",IF($U6=$L$28,"(H)",IF($U6=$L$29,"(I)",IF($U6=$L$30,"(J)",IF($U6=$L$31,"(K)",IF($U6=$L$32,"(L)",IF($U6=$L$33,"(M)",IF($U6=$L$34,"(N)",""))))))))))))))) | AJ6: =CONCATENATE(IF($U6=$N$21,$M$21,IF($U6=$N$22,$M$22,IF($U6=$N$23,$M$23,IF($U6=$N$24,$M$24,IF($U6=$N$25,$M$25,IF($U6=$N$26,$M$26,IF($U6=$N$27,$M$27,IF($U6=$N$28,$M$28,IF($U6=$N$29,$M$29,IF($U6=$N$30,$M$30,IF($U6=$N$31,$M$31,IF($U6=$N$32,$M$32,IF($U6=$N$33,$M$33,IF($U6=$N$34,$M$34,""))))))))))))))&" "&(IF($U6=$N$21,"(A)",IF($U6=$N$22,"(B)",IF($U6=$N$23,"(C)",IF($U6=$N$24,"(D)",IF($U6=$N$25,"(E)",IF($U6=$N$26,"(F)",IF($U6=$N$27,"(G)",IF($U6=$N$28,"(H)",IF($U6=$N$29,"(I)",IF($U6=$N$30,"(J)",IF($U6=$N$31,"(K)",IF($U6=$N$32,"(L)",IF($U6=$N$33,"(M)",IF($U6=$N$34,"(N)","")))))))))))))))) -> EVS (C) | AK6: =CONCATENATE(IF($U6=$F$37,$E$37,IF($U6=$F$38,$E$38,IF($U6=$F$39,$E$39,IF($U6=$F$40,$E$40,IF($U6=$F$41,$E$41,IF($U6=$F$42,$E$42,IF($U6=$F$43,$E$43,IF($U6=$F$44,$E$44,IF($U6=$F$45,$E$45,IF($U6=$F$46,$E$46,IF($U6=$F$47,$E$47,IF($U6=$F$48,$E$48,IF($U6=$F$49,$E$49,IF($U6=$F$50,$E$50,IF($U6=$F$51,$E$51,""))))))))))))))&" "&IF($U6=$F$38,"(A)",IF($U6=$F$39,"(B)",IF($U6=$F$40,"(C)",IF($U6=$F$41,"(D)",IF($U6=$F$42,"(E)",IF($U6=$F$43,"(F)",IF($U6=$F$44,"(G)",IF($U6=$F$45,"(H)",IF($U6=$F$46,"(I)",IF($U6=$F$47,"(J)",IF($U6=$F$48,"(K)",IF($U6=$F$49,"(L)",IF($U6=$F$50,"(M)",IF($U6=$F$51,"(N)","")))))))))))))))) | AL6: =CONCATENATE(IF($U6=$H$37,$G$37,IF($U6=$H$38,$G$38,IF($U6=$H$39,$G$39,IF($U6=$H$40,$G$40,IF($U6=$H$41,$G$41,IF($U6=$H$42,$G$42,IF($U6=$H$43,$G$43,IF($U6=$H$44,$G$44,IF($U6=$H$45,$G$45,IF($U6=$H$46,$G$46,IF($U6=$H$47,$G$47,IF($U6=$H$48,$G$48,IF($U6=$H$49,$G$49,IF($U6=$H$50,$G$50,IF($U6=$H$51,$G$51,"")))))))))))))))&" "&IF($U6=$H$38,"(A)",IF($U6=$H$39,"(B)",IF($U6=$H$40,"(C)",IF($U6=$H$41,"(D)",IF($U6=$H$42,"(E)",IF($U6=$H$43,"(F)",IF($U6=$H$44,"(G)",IF($U6=$H$45,"(H)",IF($U6=$H$46,"(I)",IF($U6=$H$47,"(J)",IF($U6=$H$48,"(K)",IF($U6=$H$49,"(L)",IF($U6=$H$50,"(M)",IF($U6=$H$51,"(N)",""))))))))))))))) -> BM (G) | AM6: =CONCATENATE(IF($U6=$L$37,$K$37,IF($U6=$L$38,$K$38,IF($U6=$L$39,$K$39,IF($U6=$L$40,$K$40,IF($U6=$L$41,$K$41,IF($U6=$L$42,$K$42,IF($U6=$L$43,$K$43,IF($U6=$L$44,$K$44,IF($U6=$L$45,$K$45,IF($U6=$L$46,$K$46,IF($U6=$L$47,$K$47,IF($U6=$L$48,$K$48,IF($U6=$L$49,$K$49,IF($U6=$L$50,$K$50,IF($U6=$L$51,$K$51,"")))))))))))))))&" "&IF($U6=$L$38,"(A)",IF($U6=$L$39,"(B)",IF($U6=$L$40,"(C)",IF($U6=$L$41,"(D)",IF($U6=$L$42,"(E)",IF($U6=$L$43,"(F)",IF($U6=$L$44,"(G)",IF($U6=$L$45,"(H)",IF($U6=$L$46,"(I)",IF($U6=$L$47,"(J)",IF($U6=$L$48,"(K)",IF($U6=$L$49,"(L)",IF($U6=$L$50,"(M)",IF($U6=$L$51,"(N)",""))))))))))))))) | AN6: =CONCATENATE(IF($U6=$N$37,$M$37,IF($U6=$N$38,$M$38,IF($U6=$N$39,$M$39,IF($U6=$N$40,$M$40,IF($U6=$N$41,$M$41,IF($U6=$N$42,$M$42,IF($U6=$N$43,$M$43,IF($U6=$N$44,$M$44,IF($U6=$N$45,$M$45,IF($U6=$N$46,$M$46,IF($U6=$N$47,$M$47,IF($U6=$N$48,$M$48,IF($U6=$N$49,$M$49,IF($U6=$N$50,$M$50,IF($U6=$N$51,$M$51,"")))))))))))))))&" "&IF($U6=$N$38,"(A)",IF($U6=$N$39,"(B)",IF($U6=$N$40,"(C)",IF($U6=$N$41,"(D)",IF($U6=$N$42,"(E)",IF($U6=$N$43,"(F)",IF($U6=$N$44,"(G)",IF($U6=$N$45,"(H)",IF($U6=$N$46,"(I)",IF($U6=$N$47,"(J)",IF($U6=$N$48,"(K)",IF($U6=$N$49,"(L)",IF($U6=$N$50,"(M)",IF($U6=$N$51,"(N)",""))))))))))))))) -> BM (N)
B7: F+ECOM | C7: C | E7: =_xlfn.XLOOKUP(F7, $E$100:$E$107, $F$100:$F$107, "Training") -> ECOM | F7: (AW) | G7: =_xlfn.XLOOKUP(H7, $E$100:$E$107, $F$100:$F$107, "Training") -> MA | H7: (RG) | K7: =_xlfn.XLOOKUP(L7, $E$100:$E$107, $F$100:$F$107, "Training") -> IF | L7: (VAR) | M7: =_xlfn.XLOOKUP(N7, $E$100:$E$107, $F$100:$F$107, "Training") -> IB | N7: (SUN) | O7: =IF(P7="",".",P7) -> . | U7: (ANU) | V7: =SUM(COUNTIF($E$5:$N$55,U7),IF(T7<>0,COUNTIF($E$5:$N$55,T7),0),IF(S7<>0,COUNTIF($E$5:$N$55,S7),0)) -> 0 | X7: =U7 -> (ANU) | Y7: =SUM((COUNTIF($E$5:$F$55,$U7)),IF($T7<>0,(COUNTIF($E$5:$F$55,$T7))),IF($S7<>0,(COUNTIF($E$5:$F$55,$S7)))) -> 0 | Z7: =SUM(COUNTIF($G$5:$J$55,$U7),IF($T7<>0,(COUNTIF($G$5:$J$55,$T7))),IF($S7<>0,(COUNTIF($G$5:$J$55,$S7)))) -> 0 | AA7: =SUM(COUNTIF($K$5:$L$55,$U7),IF($T7<>0,(COUNTIF($K$5:$L$55,$T7))),IF($S7<>0,(COUNTIF($K$5:$L$55,$S7)))) -> 0 | AB7: =SUM(COUNTIF($M$5:$N$55,$U7),IF($T7<>0,(COUNTIF($M$5:$N$55,$T7))),IF($S7<>0,(COUNTIF($M$5:$N$55,$S7)))) -> 0 | AC7: =CONCATENATE(IF($U7=$F$5,$E$5,IF($U7=$F$6,$E$6,IF($U7=$F$7,$E$7,IF($U7=$F$8,$E$8,IF($U7=$F$9,$E$9,IF($U7=$F$10,$E$10,IF($U7=$F$11,$E$11,IF($U7=$F$12,$E$12,IF($U7=$F$13,$E$13,IF($U7=$F$14,$E$14,IF($U7=$F$15,$E$15,IF($U7=$F$16,$E$16,IF($U7=$F$17,$E$17,"")))))))))))))&" "&IF($U7=$F$5,"(A)",IF($U7=$F$6,"(B)",IF($U7=$F$7,"(C)",IF($U7=$F$8,"(D)",IF($U7=$F$9,"(E)",IF($U7=$F$10,"(F)",IF($U7=$F$11,"(G)",IF($U7=$F$12,"(H)",IF($U7=$F$13,"(I)",IF($U7=$F$14,"(J)",IF($U7=$F$15,"(K)",IF($U7=$F$16,"(L)",IF($U7=$F$17,"(L)","")))))))))))))) | AD7: =CONCATENATE(IF($U7=$H$5,$G$5,IF($U7=$H$6,$G$6,IF($U7=$H$7,$G$7,IF($U7=$H$8,$G$8,IF($U7=$H$9,$G$9,IF($U7=$H$10,$G$10,IF($U7=$H$11,$G$11,IF($U7=$H$12,$G$12,IF($U7=$H$13,$G$13,IF($U7=$H$14,$G$14,IF($U7=$H$15,$G$15,IF($U7=$H$16,$G$16,IF($U7=$H$17,$G$17,"")))))))))))))&" "&IF($U7=$H$5,"(A)",IF($U7=$H$6,"(B)",IF($U7=$H$7,"(C)",IF($U7=$H$8,"(D)",IF($U7=$H$9,"(E)",IF($U7=$H$10,"(F)",IF($U7=$H$11,"(G)",IF($U7=$H$12,"(H)",IF($U7=$H$13,"(I)",IF($U7=$H$14,"(J)",IF($U7=$H$15,"(K)",IF($U7=$H$16,"(L)",IF($U7=$H$17,"(L)","")))))))))))))) | AE7: =CONCATENATE(IF($U7=$L$5,$K$5,IF($U7=$L$6,$K$6,IF($U7=$L$7,$K$7,IF($U7=$L$8,$K$8,IF($U7=$L$9,$K$9,IF($U7=$L$10,$K$10,IF($U7=$L$11,$K$11,IF($U7=$L$12,$K$12,IF($U7=$L$13,$K$13,IF($U7=$L$14,$K$14,IF($U7=$L$15,$K$15,IF($U7=$L$16,$K$16,IF($U7=$L$17,$K$17,"")))))))))))))&" "&IF($U7=$L$5,"(A)",IF($U7=$L$6,"(B)",IF($U7=$L$7,"(C)",IF($U7=$L$8,"(D)",IF($U7=$L$9,"(E)",IF($U7=$L$10,"(F)",IF($U7=$L$11,"(G)",IF($U7=$L$12,"(H)",IF($U7=$L$13,"(I)",IF($U7=$L$14,"(J)",IF($U7=$L$15,"(K)",IF($U7=$L$16,"(L)",IF($U7=$L$17,"(L)","")))))))))))))) | AF7: =CONCATENATE(IF($U7=$N$5,$M$5,IF($U7=$N$6,$M$6,IF($U7=$N$7,$M$7,IF($U7=$N$8,$M$8,IF($U7=$N$9,$M$9,IF($U7=$N$10,$M$10,IF($U7=$N$11,$M$11,IF($U7=$N$12,$M$12,IF($U7=$N$13,$M$13,IF($U7=$N$14,$M$14,IF($U7=$N$15,$M$15,IF($U7=$N$16,$M$16,IF($U7=$N$17,$M$17,"")))))))))))))&" "&(IF($U7=$N$5,"(A)",IF($U7=$N$6,"(B)",IF($U7=$N$7,"(C)",IF($U7=$N$8,"(D)",IF($U7=$N$9,"(E)",IF($U7=$N$10,"(F)",IF($U7=$N$11,"(G)",IF($U7=$N$12,"(H)",IF($U7=$N$13,"(I)",IF($U7=$N$14,"(J)",IF($U7=$N$15,"(K)",IF($U7=$N$16,"(L)",IF($U7=$N$17,"(L)",""))))))))))))))) | AG7: =CONCATENATE(IF($U7=$F$21,$E$21,IF($U7=$F$22,$E$22,IF($U7=$F$23,$E$23,IF($U7=$F$24,$E$24,IF($U7=$F$25,$E$25,IF($U7=$F$26,$E$26,IF($U7=$F$27,$E$27,IF($U7=$F$28,$E$28,IF($U7=$F$29,$E$29,IF($U7=$F$30,$E$30,IF($U7=$F$31,$E$31,IF($U7=$F$32,$E$32,IF($U7=$F$33,$E$33,IF($U7=$F$34,$E$34,"")))))))))))))&" "&(IF($U7=$F$21,"(A)",IF($U7=$F$22,"(B)",IF($U7=$F$23,"(C)",IF($U7=$F$24,"(D)",IF($U7=$F$25,"(E)",IF($U7=$F$26,"(F)",IF($U7=$F$27,"(G)",IF($U7=$F$28,"(H)",IF($U7=$F$29,"(I)",IF($U7=$F$30,"(J)",IF($U7=$D$63,"(K)",IF($U7=$F$32,"(L)",IF($U7=$F$33,"(M)",IF($U7=$F$34,"(N)",""))))))))))))))))) | AH7: =CONCATENATE(IF($U7=$H$21,$G$21,IF($U7=$H$22,$G$22,IF($U7=$H$23,$G$23,IF($U7=$H$24,$G$24,IF($U7=$H$25,$G$25,IF($U7=$H$26,$G$26,IF($U7=$H$27,$G$27,IF($U7=$H$28,$G$28,IF($U7=$H$29,$G$29,IF($U7=$H$30,$G$30,IF($U7=$H$31,$G$31,IF($U7=$H$32,$G$32,IF($U7=$H$33,$G$33,IF($U7=$H$34,$G$34,""))))))))))))))&" "&(IF($U7=$H$21,"(A)",IF($U7=$H$22,"(B)",IF($U7=$H$23,"(C)",IF($U7=$H$24,"(D)",IF($U7=$H$25,"(E)",IF($U7=$H$26,"(F)",IF($U7=$H$27,"(G)",IF($U7=$H$28,"(H)",IF($U7=$H$29,"(I)",IF($U7=$H$30,"(J)",IF($U7=$H$31,"(K)",IF($U7=$H$32,"(L)",IF($U7=$H$33,"(M)",IF($U7=$H$34,"(N)","")))))))))))))))) | AI7: =CONCATENATE(IF($U7=$L$21,$K$21,IF($U7=$L$22,$K$22,IF($U7=$L$23,$K$23,IF($U7=$L$24,$K$24,IF($U7=$L$25,$K$25,IF($U7=$L$26,$K$26,IF($U7=$L$27,$K$27,IF($U7=$L$28,$K$28,IF($U7=$L$29,$K$29,IF($U7=$L$30,$K$30,IF($U7=$L$31,$K$31,IF($U7=$L$32,$K$32,IF($U7=$L$33,$K$33,IF($U7=$L$34,$K$34,""))))))))))))))&" "&IF($U7=$L$21,"(A)",IF($U7=$L$22,"(B)",IF($U7=$L$23,"(C)",IF($U7=$L$24,"(D)",IF($U7=$L$25,"(E)",IF($U7=$L$26,"(F)",IF($U7=$L$27,"(G)",IF($U7=$L$28,"(H)",IF($U7=$L$29,"(I)",IF($U7=$L$30,"(J)",IF($U7=$L$31,"(K)",IF($U7=$L$32,"(L)",IF($U7=$L$33,"(M)",IF($U7=$L$34,"(N)",""))))))))))))))) | AJ7: =CONCATENATE(IF($U7=$N$21,$M$21,IF($U7=$N$22,$M$22,IF($U7=$N$23,$M$23,IF($U7=$N$24,$M$24,IF($U7=$N$25,$M$25,IF($U7=$N$26,$M$26,IF($U7=$N$27,$M$27,IF($U7=$N$28,$M$28,IF($U7=$N$29,$M$29,IF($U7=$N$30,$M$30,IF($U7=$N$31,$M$31,IF($U7=$N$32,$M$32,IF($U7=$N$33,$M$33,IF($U7=$N$34,$M$34,""))))))))))))))&" "&(IF($U7=$N$21,"(A)",IF($U7=$N$22,"(B)",IF($U7=$N$23,"(C)",IF($U7=$N$24,"(D)",IF($U7=$N$25,"(E)",IF($U7=$N$26,"(F)",IF($U7=$N$27,"(G)",IF($U7=$N$28,"(H)",IF($U7=$N$29,"(I)",IF($U7=$N$30,"(J)",IF($U7=$N$31,"(K)",IF($U7=$N$32,"(L)",IF($U7=$N$33,"(M)",IF($U7=$N$34,"(N)","")))))))))))))))) | AK7: =CONCATENATE(IF($U7=$F$37,$E$37,IF($U7=$F$38,$E$38,IF($U7=$F$39,$E$39,IF($U7=$F$40,$E$40,IF($U7=$F$41,$E$41,IF($U7=$F$42,$E$42,IF($U7=$F$43,$E$43,IF($U7=$F$44,$E$44,IF($U7=$F$45,$E$45,IF($U7=$F$46,$E$46,IF($U7=$F$47,$E$47,IF($U7=$F$48,$E$48,IF($U7=$F$49,$E$49,IF($U7=$F$50,$E$50,IF($U7=$F$51,$E$51,""))))))))))))))&" "&IF($U7=$F$38,"(A)",IF($U7=$F$39,"(B)",IF($U7=$F$40,"(C)",IF($U7=$F$41,"(D)",IF($U7=$F$42,"(E)",IF($U7=$F$43,"(F)",IF($U7=$F$44,"(G)",IF($U7=$F$45,"(H)",IF($U7=$F$46,"(I)",IF($U7=$F$47,"(J)",IF($U7=$F$48,"(K)",IF($U7=$F$49,"(L)",IF($U7=$F$50,"(M)",IF($U7=$F$51,"(N)","")))))))))))))))) | AL7: =CONCATENATE(IF($U7=$H$37,$G$37,IF($U7=$H$38,$G$38,IF($U7=$H$39,$G$39,IF($U7=$H$40,$G$40,IF($U7=$H$41,$G$41,IF($U7=$H$42,$G$42,IF($U7=$H$43,$G$43,IF($U7=$H$44,$G$44,IF($U7=$H$45,$G$45,IF($U7=$H$46,$G$46,IF($U7=$H$47,$G$47,IF($U7=$H$48,$G$48,IF($U7=$H$49,$G$49,IF($U7=$H$50,$G$50,IF($U7=$H$51,$G$51,"")))))))))))))))&" "&IF($U7=$H$38,"(A)",IF($U7=$H$39,"(B)",IF($U7=$H$40,"(C)",IF($U7=$H$41,"(D)",IF($U7=$H$42,"(E)",IF($U7=$H$43,"(F)",IF($U7=$H$44,"(G)",IF($U7=$H$45,"(H)",IF($U7=$H$46,"(I)",IF($U7=$H$47,"(J)",IF($U7=$H$48,"(K)",IF($U7=$H$49,"(L)",IF($U7=$H$50,"(M)",IF($U7=$H$51,"(N)",""))))))))))))))) | AM7: =CONCATENATE(IF($U7=$L$37,$K$37,IF($U7=$L$38,$K$38,IF($U7=$L$39,$K$39,IF($U7=$L$40,$K$40,IF($U7=$L$41,$K$41,IF($U7=$L$42,$K$42,IF($U7=$L$43,$K$43,IF($U7=$L$44,$K$44,IF($U7=$L$45,$K$45,IF($U7=$L$46,$K$46,IF($U7=$L$47,$K$47,IF($U7=$L$48,$K$48,IF($U7=$L$49,$K$49,IF($U7=$L$50,$K$50,IF($U7=$L$51,$K$51,"")))))))))))))))&" "&IF($U7=$L$38,"(A)",IF($U7=$L$39,"(B)",IF($U7=$L$40,"(C)",IF($U7=$L$41,"(D)",IF($U7=$L$42,"(E)",IF($U7=$L$43,"(F)",IF($U7=$L$44,"(G)",IF($U7=$L$45,"(H)",IF($U7=$L$46,"(I)",IF($U7=$L$47,"(J)",IF($U7=$L$48,"(K)",IF($U7=$L$49,"(L)",IF($U7=$L$50,"(M)",IF($U7=$L$51,"(N)",""))))))))))))))) | AN7: =CONCATENATE(IF($U7=$N$37,$M$37,IF($U7=$N$38,$M$38,IF($U7=$N$39,$M$39,IF($U7=$N$40,$M$40,IF($U7=$N$41,$M$41,IF($U7=$N$42,$M$42,IF($U7=$N$43,$M$43,IF($U7=$N$44,$M$44,IF($U7=$N$45,$M$45,IF($U7=$N$46,$M$46,IF($U7=$N$47,$M$47,IF($U7=$N$48,$M$48,IF($U7=$N$49,$M$49,IF($U7=$N$50,$M$50,IF($U7=$N$51,$M$51,"")))))))))))))))&" "&IF($U7=$N$38,"(A)",IF($U7=$N$39,"(B)",IF($U7=$N$40,"(C)",IF($U7=$N$41,"(D)",IF($U7=$N$42,"(E)",IF($U7=$N$43,"(F)",IF($U7=$N$44,"(G)",IF($U7=$N$45,"(H)",IF($U7=$N$46,"(I)",IF($U7=$N$47,"(J)",IF($U7=$N$48,"(K)",IF($U7=$N$49,"(L)",IF($U7=$N$50,"(M)",IF($U7=$N$51,"(N)","")))))))))))))))
B8: F+ECOM | C8: D | E8: =_xlfn.XLOOKUP(F8, $G$100:$G$107, $H$100:$H$107, "Training") -> FMS | F8: (SUN) | G8: =_xlfn.XLOOKUP(H8, $G$100:$G$107, $H$100:$H$107, "Training") -> IT | H8: (SRN) | K8: =_xlfn.XLOOKUP(L8, $G$100:$G$107, $H$100:$H$107, "Training") -> MA | L8: (MEG) | M8: =_xlfn.XLOOKUP(N8, $G$100:$G$107, $H$100:$H$107, "Training") -> AA | N8: (SUP) | O8: =IF(P8="",".",P8) -> . | U8: (AS) | V8: =SUM(COUNTIF($E$5:$N$55,U8),IF(T8<>0,COUNTIF($E$5:$N$55,T8),0),IF(S8<>0,COUNTIF($E$5:$N$55,S8),0)) -> 3 | X8: =U8 -> (AS) | Y8: =SUM((COUNTIF($E$5:$F$55,$U8)),IF($T8<>0,(COUNTIF($E$5:$F$55,$T8))),IF($S8<>0,(COUNTIF($E$5:$F$55,$S8)))) -> 1 | Z8: =SUM(COUNTIF($G$5:$J$55,$U8),IF($T8<>0,(COUNTIF($G$5:$J$55,$T8))),IF($S8<>0,(COUNTIF($G$5:$J$55,$S8)))) -> 1 | AA8: =SUM(COUNTIF($K$5:$L$55,$U8),IF($T8<>0,(COUNTIF($K$5:$L$55,$T8))),IF($S8<>0,(COUNTIF($K$5:$L$55,$S8)))) -> 1 | AB8: =SUM(COUNTIF($M$5:$N$55,$U8),IF($T8<>0,(COUNTIF($M$5:$N$55,$T8))),IF($S8<>0,(COUNTIF($M$5:$N$55,$S8)))) -> 0 | AC8: =CONCATENATE(IF($U8=$F$5,$E$5,IF($U8=$F$6,$E$6,IF($U8=$F$7,$E$7,IF($U8=$F$8,$E$8,IF($U8=$F$9,$E$9,IF($U8=$F$10,$E$10,IF($U8=$F$11,$E$11,IF($U8=$F$12,$E$12,IF($U8=$F$13,$E$13,IF($U8=$F$14,$E$14,IF($U8=$F$15,$E$15,IF($U8=$F$16,$E$16,IF($U8=$F$17,$E$17,"")))))))))))))&" "&IF($U8=$F$5,"(A)",IF($U8=$F$6,"(B)",IF($U8=$F$7,"(C)",IF($U8=$F$8,"(D)",IF($U8=$F$9,"(E)",IF($U8=$F$10,"(F)",IF($U8=$F$11,"(G)",IF($U8=$F$12,"(H)",IF($U8=$F$13,"(I)",IF($U8=$F$14,"(J)",IF($U8=$F$15,"(K)",IF($U8=$F$16,"(L)",IF($U8=$F$17,"(L)","")))))))))))))) | AD8: =CONCATENATE(IF($U8=$H$5,$G$5,IF($U8=$H$6,$G$6,IF($U8=$H$7,$G$7,IF($U8=$H$8,$G$8,IF($U8=$H$9,$G$9,IF($U8=$H$10,$G$10,IF($U8=$H$11,$G$11,IF($U8=$H$12,$G$12,IF($U8=$H$13,$G$13,IF($U8=$H$14,$G$14,IF($U8=$H$15,$G$15,IF($U8=$H$16,$G$16,IF($U8=$H$17,$G$17,"")))))))))))))&" "&IF($U8=$H$5,"(A)",IF($U8=$H$6,"(B)",IF($U8=$H$7,"(C)",IF($U8=$H$8,"(D)",IF($U8=$H$9,"(E)",IF($U8=$H$10,"(F)",IF($U8=$H$11,"(G)",IF($U8=$H$12,"(H)",IF($U8=$H$13,"(I)",IF($U8=$H$14,"(J)",IF($U8=$H$15,"(K)",IF($U8=$H$16,"(L)",IF($U8=$H$17,"(L)","")))))))))))))) | AE8: =CONCATENATE(IF($U8=$L$5,$K$5,IF($U8=$L$6,$K$6,IF($U8=$L$7,$K$7,IF($U8=$L$8,$K$8,IF($U8=$L$9,$K$9,IF($U8=$L$10,$K$10,IF($U8=$L$11,$K$11,IF($U8=$L$12,$K$12,IF($U8=$L$13,$K$13,IF($U8=$L$14,$K$14,IF($U8=$L$15,$K$15,IF($U8=$L$16,$K$16,IF($U8=$L$17,$K$17,"")))))))))))))&" "&IF($U8=$L$5,"(A)",IF($U8=$L$6,"(B)",IF($U8=$L$7,"(C)",IF($U8=$L$8,"(D)",IF($U8=$L$9,"(E)",IF($U8=$L$10,"(F)",IF($U8=$L$11,"(G)",IF($U8=$L$12,"(H)",IF($U8=$L$13,"(I)",IF($U8=$L$14,"(J)",IF($U8=$L$15,"(K)",IF($U8=$L$16,"(L)",IF($U8=$L$17,"(L)","")))))))))))))) | AF8: =CONCATENATE(IF($U8=$N$5,$M$5,IF($U8=$N$6,$M$6,IF($U8=$N$7,$M$7,IF($U8=$N$8,$M$8,IF($U8=$N$9,$M$9,IF($U8=$N$10,$M$10,IF($U8=$N$11,$M$11,IF($U8=$N$12,$M$12,IF($U8=$N$13,$M$13,IF($U8=$N$14,$M$14,IF($U8=$N$15,$M$15,IF($U8=$N$16,$M$16,IF($U8=$N$17,$M$17,"")))))))))))))&" "&(IF($U8=$N$5,"(A)",IF($U8=$N$6,"(B)",IF($U8=$N$7,"(C)",IF($U8=$N$8,"(D)",IF($U8=$N$9,"(E)",IF($U8=$N$10,"(F)",IF($U8=$N$11,"(G)",IF($U8=$N$12,"(H)",IF($U8=$N$13,"(I)",IF($U8=$N$14,"(J)",IF($U8=$N$15,"(K)",IF($U8=$N$16,"(L)",IF($U8=$N$17,"(L)",""))))))))))))))) | AG8: =CONCATENATE(IF($U8=$F$21,$E$21,IF($U8=$F$22,$E$22,IF($U8=$F$23,$E$23,IF($U8=$F$24,$E$24,IF($U8=$F$25,$E$25,IF($U8=$F$26,$E$26,IF($U8=$F$27,$E$27,IF($U8=$F$28,$E$28,IF($U8=$F$29,$E$29,IF($U8=$F$30,$E$30,IF($U8=$F$31,$E$31,IF($U8=$F$32,$E$32,IF($U8=$F$33,$E$33,IF($U8=$F$34,$E$34,"")))))))))))))&" "&(IF($U8=$F$21,"(A)",IF($U8=$F$22,"(B)",IF($U8=$F$23,"(C)",IF($U8=$F$24,"(D)",IF($U8=$F$25,"(E)",IF($U8=$F$26,"(F)",IF($U8=$F$27,"(G)",IF($U8=$F$28,"(H)",IF($U8=$F$29,"(I)",IF($U8=$F$30,"(J)",IF($U8=$D$63,"(K)",IF($U8=$F$32,"(L)",IF($U8=$F$33,"(M)",IF($U8=$F$34,"(N)",""))))))))))))))))) -> HR | AH8: =CONCATENATE(IF($U8=$H$21,$G$21,IF($U8=$H$22,$G$22,IF($U8=$H$23,$G$23,IF($U8=$H$24,$G$24,IF($U8=$H$25,$G$25,IF($U8=$H$26,$G$26,IF($U8=$H$27,$G$27,IF($U8=$H$28,$G$28,IF($U8=$H$29,$G$29,IF($U8=$H$30,$G$30,IF($U8=$H$31,$G$31,IF($U8=$H$32,$G$32,IF($U8=$H$33,$G$33,IF($U8=$H$34,$G$34,""))))))))))))))&" "&(IF($U8=$H$21,"(A)",IF($U8=$H$22,"(B)",IF($U8=$H$23,"(C)",IF($U8=$H$24,"(D)",IF($U8=$H$25,"(E)",IF($U8=$H$26,"(F)",IF($U8=$H$27,"(G)",IF($U8=$H$28,"(H)",IF($U8=$H$29,"(I)",IF($U8=$H$30,"(J)",IF($U8=$H$31,"(K)",IF($U8=$H$32,"(L)",IF($U8=$H$33,"(M)",IF($U8=$H$34,"(N)","")))))))))))))))) | AI8: =CONCATENATE(IF($U8=$L$21,$K$21,IF($U8=$L$22,$K$22,IF($U8=$L$23,$K$23,IF($U8=$L$24,$K$24,IF($U8=$L$25,$K$25,IF($U8=$L$26,$K$26,IF($U8=$L$27,$K$27,IF($U8=$L$28,$K$28,IF($U8=$L$29,$K$29,IF($U8=$L$30,$K$30,IF($U8=$L$31,$K$31,IF($U8=$L$32,$K$32,IF($U8=$L$33,$K$33,IF($U8=$L$34,$K$34,""))))))))))))))&" "&IF($U8=$L$21,"(A)",IF($U8=$L$22,"(B)",IF($U8=$L$23,"(C)",IF($U8=$L$24,"(D)",IF($U8=$L$25,"(E)",IF($U8=$L$26,"(F)",IF($U8=$L$27,"(G)",IF($U8=$L$28,"(H)",IF($U8=$L$29,"(I)",IF($U8=$L$30,"(J)",IF($U8=$L$31,"(K)",IF($U8=$L$32,"(L)",IF($U8=$L$33,"(M)",IF($U8=$L$34,"(N)",""))))))))))))))) -> HR (G) | AJ8: =CONCATENATE(IF($U8=$N$21,$M$21,IF($U8=$N$22,$M$22,IF($U8=$N$23,$M$23,IF($U8=$N$24,$M$24,IF($U8=$N$25,$M$25,IF($U8=$N$26,$M$26,IF($U8=$N$27,$M$27,IF($U8=$N$28,$M$28,IF($U8=$N$29,$M$29,IF($U8=$N$30,$M$30,IF($U8=$N$31,$M$31,IF($U8=$N$32,$M$32,IF($U8=$N$33,$M$33,IF($U8=$N$34,$M$34,""))))))))))))))&" "&(IF($U8=$N$21,"(A)",IF($U8=$N$22,"(B)",IF($U8=$N$23,"(C)",IF($U8=$N$24,"(D)",IF($U8=$N$25,"(E)",IF($U8=$N$26,"(F)",IF($U8=$N$27,"(G)",IF($U8=$N$28,"(H)",IF($U8=$N$29,"(I)",IF($U8=$N$30,"(J)",IF($U8=$N$31,"(K)",IF($U8=$N$32,"(L)",IF($U8=$N$33,"(M)",IF($U8=$N$34,"(N)","")))))))))))))))) | AK8: =CONCATENATE(IF($U8=$F$37,$E$37,IF($U8=$F$38,$E$38,IF($U8=$F$39,$E$39,IF($U8=$F$40,$E$40,IF($U8=$F$41,$E$41,IF($U8=$F$42,$E$42,IF($U8=$F$43,$E$43,IF($U8=$F$44,$E$44,IF($U8=$F$45,$E$45,IF($U8=$F$46,$E$46,IF($U8=$F$47,$E$47,IF($U8=$F$48,$E$48,IF($U8=$F$49,$E$49,IF($U8=$F$50,$E$50,IF($U8=$F$51,$E$51,""))))))))))))))&" "&IF($U8=$F$38,"(A)",IF($U8=$F$39,"(B)",IF($U8=$F$40,"(C)",IF($U8=$F$41,"(D)",IF($U8=$F$42,"(E)",IF($U8=$F$43,"(F)",IF($U8=$F$44,"(G)",IF($U8=$F$45,"(H)",IF($U8=$F$46,"(I)",IF($U8=$F$47,"(J)",IF($U8=$F$48,"(K)",IF($U8=$F$49,"(L)",IF($U8=$F$50,"(M)",IF($U8=$F$51,"(N)","")))))))))))))))) | AL8: =CONCATENATE(IF($U8=$H$37,$G$37,IF($U8=$H$38,$G$38,IF($U8=$H$39,$G$39,IF($U8=$H$40,$G$40,IF($U8=$H$41,$G$41,IF($U8=$H$42,$G$42,IF($U8=$H$43,$G$43,IF($U8=$H$44,$G$44,IF($U8=$H$45,$G$45,IF($U8=$H$46,$G$46,IF($U8=$H$47,$G$47,IF($U8=$H$48,$G$48,IF($U8=$H$49,$G$49,IF($U8=$H$50,$G$50,IF($U8=$H$51,$G$51,"")))))))))))))))&" "&IF($U8=$H$38,"(A)",IF($U8=$H$39,"(B)",IF($U8=$H$40,"(C)",IF($U8=$H$41,"(D)",IF($U8=$H$42,"(E)",IF($U8=$H$43,"(F)",IF($U8=$H$44,"(G)",IF($U8=$H$45,"(H)",IF($U8=$H$46,"(I)",IF($U8=$H$47,"(J)",IF($U8=$H$48,"(K)",IF($U8=$H$49,"(L)",IF($U8=$H$50,"(M)",IF($U8=$H$51,"(N)",""))))))))))))))) -> BM (A) | AM8: =CONCATENATE(IF($U8=$L$37,$K$37,IF($U8=$L$38,$K$38,IF($U8=$L$39,$K$39,IF($U8=$L$40,$K$40,IF($U8=$L$41,$K$41,IF($U8=$L$42,$K$42,IF($U8=$L$43,$K$43,IF($U8=$L$44,$K$44,IF($U8=$L$45,$K$45,IF($U8=$L$46,$K$46,IF($U8=$L$47,$K$47,IF($U8=$L$48,$K$48,IF($U8=$L$49,$K$49,IF($U8=$L$50,$K$50,IF($U8=$L$51,$K$51,"")))))))))))))))&" "&IF($U8=$L$38,"(A)",IF($U8=$L$39,"(B)",IF($U8=$L$40,"(C)",IF($U8=$L$41,"(D)",IF($U8=$L$42,"(E)",IF($U8=$L$43,"(F)",IF($U8=$L$44,"(G)",IF($U8=$L$45,"(H)",IF($U8=$L$46,"(I)",IF($U8=$L$47,"(J)",IF($U8=$L$48,"(K)",IF($U8=$L$49,"(L)",IF($U8=$L$50,"(M)",IF($U8=$L$51,"(N)",""))))))))))))))) | AN8: =CONCATENATE(IF($U8=$N$37,$M$37,IF($U8=$N$38,$M$38,IF($U8=$N$39,$M$39,IF($U8=$N$40,$M$40,IF($U8=$N$41,$M$41,IF($U8=$N$42,$M$42,IF($U8=$N$43,$M$43,IF($U8=$N$44,$M$44,IF($U8=$N$45,$M$45,IF($U8=$N$46,$M$46,IF($U8=$N$47,$M$47,IF($U8=$N$48,$M$48,IF($U8=$N$49,$M$49,IF($U8=$N$50,$M$50,IF($U8=$N$51,$M$51,"")))))))))))))))&" "&IF($U8=$N$38,"(A)",IF($U8=$N$39,"(B)",IF($U8=$N$40,"(C)",IF($U8=$N$41,"(D)",IF($U8=$N$42,"(E)",IF($U8=$N$43,"(F)",IF($U8=$N$44,"(G)",IF($U8=$N$45,"(H)",IF($U8=$N$46,"(I)",IF($U8=$N$47,"(J)",IF($U8=$N$48,"(K)",IF($U8=$N$49,"(L)",IF($U8=$N$50,"(M)",IF($U8=$N$51,"(N)","")))))))))))))))
B9: F+ECOM | C9: E | E9: =_xlfn.XLOOKUP(F9, $I$100:$I$107, $J$100:$J$107, "Training") -> IT | F9: (AD) | G9: =_xlfn.XLOOKUP(H9, $I$100:$I$107, $J$100:$J$107, "Training") -> MA | H9: (KR) | K9: =_xlfn.XLOOKUP(L9, $I$100:$I$107, $J$100:$J$107, "Training") -> ECOM | L9: (DT) | M9: =_xlfn.XLOOKUP(N9, $I$100:$I$107, $J$100:$J$107, "Training") -> IB | N9: (EC) | O9: =IF(P9="",".",P9) -> . | U9: (AV) | V9: =SUM(COUNTIF($E$5:$N$55,U9),IF(T9<>0,COUNTIF($E$5:$N$55,T9),0),IF(S9<>0,COUNTIF($E$5:$N$55,S9),0)) -> 2 | X9: =U9 -> (AV) | Y9: =SUM((COUNTIF($E$5:$F$55,$U9)),IF($T9<>0,(COUNTIF($E$5:$F$55,$T9))),IF($S9<>0,(COUNTIF($E$5:$F$55,$S9)))) -> 1 | Z9: =SUM(COUNTIF($G$5:$J$55,$U9),IF($T9<>0,(COUNTIF($G$5:$J$55,$T9))),IF($S9<>0,(COUNTIF($G$5:$J$55,$S9)))) -> 0 | AA9: =SUM(COUNTIF($K$5:$L$55,$U9),IF($T9<>0,(COUNTIF($K$5:$L$55,$T9))),IF($S9<>0,(COUNTIF($K$5:$L$55,$S9)))) -> 1 | AB9: =SUM(COUNTIF($M$5:$N$55,$U9),IF($T9<>0,(COUNTIF($M$5:$N$55,$T9))),IF($S9<>0,(COUNTIF($M$5:$N$55,$S9)))) -> 0 | AC9: =CONCATENATE(IF($U9=$F$5,$E$5,IF($U9=$F$6,$E$6,IF($U9=$F$7,$E$7,IF($U9=$F$8,$E$8,IF($U9=$F$9,$E$9,IF($U9=$F$10,$E$10,IF($U9=$F$11,$E$11,IF($U9=$F$12,$E$12,IF($U9=$F$13,$E$13,IF($U9=$F$14,$E$14,IF($U9=$F$15,$E$15,IF($U9=$F$16,$E$16,IF($U9=$F$17,$E$17,"")))))))))))))&" "&IF($U9=$F$5,"(A)",IF($U9=$F$6,"(B)",IF($U9=$F$7,"(C)",IF($U9=$F$8,"(D)",IF($U9=$F$9,"(E)",IF($U9=$F$10,"(F)",IF($U9=$F$11,"(G)",IF($U9=$F$12,"(H)",IF($U9=$F$13,"(I)",IF($U9=$F$14,"(J)",IF($U9=$F$15,"(K)",IF($U9=$F$16,"(L)",IF($U9=$F$17,"(L)","")))))))))))))) -> IB (L) | AD9: =CONCATENATE(IF($U9=$H$5,$G$5,IF($U9=$H$6,$G$6,IF($U9=$H$7,$G$7,IF($U9=$H$8,$G$8,IF($U9=$H$9,$G$9,IF($U9=$H$10,$G$10,IF($U9=$H$11,$G$11,IF($U9=$H$12,$G$12,IF($U9=$H$13,$G$13,IF($U9=$H$14,$G$14,IF($U9=$H$15,$G$15,IF($U9=$H$16,$G$16,IF($U9=$H$17,$G$17,"")))))))))))))&" "&IF($U9=$H$5,"(A)",IF($U9=$H$6,"(B)",IF($U9=$H$7,"(C)",IF($U9=$H$8,"(D)",IF($U9=$H$9,"(E)",IF($U9=$H$10,"(F)",IF($U9=$H$11,"(G)",IF($U9=$H$12,"(H)",IF($U9=$H$13,"(I)",IF($U9=$H$14,"(J)",IF($U9=$H$15,"(K)",IF($U9=$H$16,"(L)",IF($U9=$H$17,"(L)","")))))))))))))) | AE9: =CONCATENATE(IF($U9=$L$5,$K$5,IF($U9=$L$6,$K$6,IF($U9=$L$7,$K$7,IF($U9=$L$8,$K$8,IF($U9=$L$9,$K$9,IF($U9=$L$10,$K$10,IF($U9=$L$11,$K$11,IF($U9=$L$12,$K$12,IF($U9=$L$13,$K$13,IF($U9=$L$14,$K$14,IF($U9=$L$15,$K$15,IF($U9=$L$16,$K$16,IF($U9=$L$17,$K$17,"")))))))))))))&" "&IF($U9=$L$5,"(A)",IF($U9=$L$6,"(B)",IF($U9=$L$7,"(C)",IF($U9=$L$8,"(D)",IF($U9=$L$9,"(E)",IF($U9=$L$10,"(F)",IF($U9=$L$11,"(G)",IF($U9=$L$12,"(H)",IF($U9=$L$13,"(I)",IF($U9=$L$14,"(J)",IF($U9=$L$15,"(K)",IF($U9=$L$16,"(L)",IF($U9=$L$17,"(L)","")))))))))))))) -> MIP (J) | AF9: =CONCATENATE(IF($U9=$N$5,$M$5,IF($U9=$N$6,$M$6,IF($U9=$N$7,$M$7,IF($U9=$N$8,$M$8,IF($U9=$N$9,$M$9,IF($U9=$N$10,$M$10,IF($U9=$N$11,$M$11,IF($U9=$N$12,$M$12,IF($U9=$N$13,$M$13,IF($U9=$N$14,$M$14,IF($U9=$N$15,$M$15,IF($U9=$N$16,$M$16,IF($U9=$N$17,$M$17,"")))))))))))))&" "&(IF($U9=$N$5,"(A)",IF($U9=$N$6,"(B)",IF($U9=$N$7,"(C)",IF($U9=$N$8,"(D)",IF($U9=$N$9,"(E)",IF($U9=$N$10,"(F)",IF($U9=$N$11,"(G)",IF($U9=$N$12,"(H)",IF($U9=$N$13,"(I)",IF($U9=$N$14,"(J)",IF($U9=$N$15,"(K)",IF($U9=$N$16,"(L)",IF($U9=$N$17,"(L)",""))))))))))))))) | AG9: =CONCATENATE(IF($U9=$F$21,$E$21,IF($U9=$F$22,$E$22,IF($U9=$F$23,$E$23,IF($U9=$F$24,$E$24,IF($U9=$F$25,$E$25,IF($U9=$F$26,$E$26,IF($U9=$F$27,$E$27,IF($U9=$F$28,$E$28,IF($U9=$F$29,$E$29,IF($U9=$F$30,$E$30,IF($U9=$F$31,$E$31,IF($U9=$F$32,$E$32,IF($U9=$F$33,$E$33,IF($U9=$F$34,$E$34,"")))))))))))))&" "&(IF($U9=$F$21,"(A)",IF($U9=$F$22,"(B)",IF($U9=$F$23,"(C)",IF($U9=$F$24,"(D)",IF($U9=$F$25,"(E)",IF($U9=$F$26,"(F)",IF($U9=$F$27,"(G)",IF($U9=$F$28,"(H)",IF($U9=$F$29,"(I)",IF($U9=$F$30,"(J)",IF($U9=$D$63,"(K)",IF($U9=$F$32,"(L)",IF($U9=$F$33,"(M)",IF($U9=$F$34,"(N)",""))))))))))))))))) | AH9: =CONCATENATE(IF($U9=$H$21,$G$21,IF($U9=$H$22,$G$22,IF($U9=$H$23,$G$23,IF($U9=$H$24,$G$24,IF($U9=$H$25,$G$25,IF($U9=$H$26,$G$26,IF($U9=$H$27,$G$27,IF($U9=$H$28,$G$28,IF($U9=$H$29,$G$29,IF($U9=$H$30,$G$30,IF($U9=$H$31,$G$31,IF($U9=$H$32,$G$32,IF($U9=$H$33,$G$33,IF($U9=$H$34,$G$34,""))))))))))))))&" "&(IF($U9=$H$21,"(A)",IF($U9=$H$22,"(B)",IF($U9=$H$23,"(C)",IF($U9=$H$24,"(D)",IF($U9=$H$25,"(E)",IF($U9=$H$26,"(F)",IF($U9=$H$27,"(G)",IF($U9=$H$28,"(H)",IF($U9=$H$29,"(I)",IF($U9=$H$30,"(J)",IF($U9=$H$31,"(K)",IF($U9=$H$32,"(L)",IF($U9=$H$33,"(M)",IF($U9=$H$34,"(N)","")))))))))))))))) | AI9: =CONCATENATE(IF($U9=$L$21,$K$21,IF($U9=$L$22,$K$22,IF($U9=$L$23,$K$23,IF($U9=$L$24,$K$24,IF($U9=$L$25,$K$25,IF($U9=$L$26,$K$26,IF($U9=$L$27,$K$27,IF($U9=$L$28,$K$28,IF($U9=$L$29,$K$29,IF($U9=$L$30,$K$30,IF($U9=$L$31,$K$31,IF($U9=$L$32,$K$32,IF($U9=$L$33,$K$33,IF($U9=$L$34,$K$34,""))))))))))))))&" "&IF($U9=$L$21,"(A)",IF($U9=$L$22,"(B)",IF($U9=$L$23,"(C)",IF($U9=$L$24,"(D)",IF($U9=$L$25,"(E)",IF($U9=$L$26,"(F)",IF($U9=$L$27,"(G)",IF($U9=$L$28,"(H)",IF($U9=$L$29,"(I)",IF($U9=$L$30,"(J)",IF($U9=$L$31,"(K)",IF($U9=$L$32,"(L)",IF($U9=$L$33,"(M)",IF($U9=$L$34,"(N)",""))))))))))))))) | AJ9: =CONCATENATE(IF($U9=$N$21,$M$21,IF($U9=$N$22,$M$22,IF($U9=$N$23,$M$23,IF($U9=$N$24,$M$24,IF($U9=$N$25,$M$25,IF($U9=$N$26,$M$26,IF($U9=$N$27,$M$27,IF($U9=$N$28,$M$28,IF($U9=$N$29,$M$29,IF($U9=$N$30,$M$30,IF($U9=$N$31,$M$31,IF($U9=$N$32,$M$32,IF($U9=$N$33,$M$33,IF($U9=$N$34,$M$34,""))))))))))))))&" "&(IF($U9=$N$21,"(A)",IF($U9=$N$22,"(B)",IF($U9=$N$23,"(C)",IF($U9=$N$24,"(D)",IF($U9=$N$25,"(E)",IF($U9=$N$26,"(F)",IF($U9=$N$27,"(G)",IF($U9=$N$28,"(H)",IF($U9=$N$29,"(I)",IF($U9=$N$30,"(J)",IF($U9=$N$31,"(K)",IF($U9=$N$32,"(L)",IF($U9=$N$33,"(M)",IF($U9=$N$34,"(N)","")))))))))))))))) | AK9: =CONCATENATE(IF($U9=$F$37,$E$37,IF($U9=$F$38,$E$38,IF($U9=$F$39,$E$39,IF($U9=$F$40,$E$40,IF($U9=$F$41,$E$41,IF($U9=$F$42,$E$42,IF($U9=$F$43,$E$43,IF($U9=$F$44,$E$44,IF($U9=$F$45,$E$45,IF($U9=$F$46,$E$46,IF($U9=$F$47,$E$47,IF($U9=$F$48,$E$48,IF($U9=$F$49,$E$49,IF($U9=$F$50,$E$50,IF($U9=$F$51,$E$51,""))))))))))))))&" "&IF($U9=$F$38,"(A)",IF($U9=$F$39,"(B)",IF($U9=$F$40,"(C)",IF($U9=$F$41,"(D)",IF($U9=$F$42,"(E)",IF($U9=$F$43,"(F)",IF($U9=$F$44,"(G)",IF($U9=$F$45,"(H)",IF($U9=$F$46,"(I)",IF($U9=$F$47,"(J)",IF($U9=$F$48,"(K)",IF($U9=$F$49,"(L)",IF($U9=$F$50,"(M)",IF($U9=$F$51,"(N)","")))))))))))))))) | AL9: =CONCATENATE(IF($U9=$H$37,$G$37,IF($U9=$H$38,$G$38,IF($U9=$H$39,$G$39,IF($U9=$H$40,$G$40,IF($U9=$H$41,$G$41,IF($U9=$H$42,$G$42,IF($U9=$H$43,$G$43,IF($U9=$H$44,$G$44,IF($U9=$H$45,$G$45,IF($U9=$H$46,$G$46,IF($U9=$H$47,$G$47,IF($U9=$H$48,$G$48,IF($U9=$H$49,$G$49,IF($U9=$H$50,$G$50,IF($U9=$H$51,$G$51,"")))))))))))))))&" "&IF($U9=$H$38,"(A)",IF($U9=$H$39,"(B)",IF($U9=$H$40,"(C)",IF($U9=$H$41,"(D)",IF($U9=$H$42,"(E)",IF($U9=$H$43,"(F)",IF($U9=$H$44,"(G)",IF($U9=$H$45,"(H)",IF($U9=$H$46,"(I)",IF($U9=$H$47,"(J)",IF($U9=$H$48,"(K)",IF($U9=$H$49,"(L)",IF($U9=$H$50,"(M)",IF($U9=$H$51,"(N)",""))))))))))))))) | AM9: =CONCATENATE(IF($U9=$L$37,$K$37,IF($U9=$L$38,$K$38,IF($U9=$L$39,$K$39,IF($U9=$L$40,$K$40,IF($U9=$L$41,$K$41,IF($U9=$L$42,$K$42,IF($U9=$L$43,$K$43,IF($U9=$L$44,$K$44,IF($U9=$L$45,$K$45,IF($U9=$L$46,$K$46,IF($U9=$L$47,$K$47,IF($U9=$L$48,$K$48,IF($U9=$L$49,$K$49,IF($U9=$L$50,$K$50,IF($U9=$L$51,$K$51,"")))))))))))))))&" "&IF($U9=$L$38,"(A)",IF($U9=$L$39,"(B)",IF($U9=$L$40,"(C)",IF($U9=$L$41,"(D)",IF($U9=$L$42,"(E)",IF($U9=$L$43,"(F)",IF($U9=$L$44,"(G)",IF($U9=$L$45,"(H)",IF($U9=$L$46,"(I)",IF($U9=$L$47,"(J)",IF($U9=$L$48,"(K)",IF($U9=$L$49,"(L)",IF($U9=$L$50,"(M)",IF($U9=$L$51,"(N)",""))))))))))))))) | AN9: =CONCATENATE(IF($U9=$N$37,$M$37,IF($U9=$N$38,$M$38,IF($U9=$N$39,$M$39,IF($U9=$N$40,$M$40,IF($U9=$N$41,$M$41,IF($U9=$N$42,$M$42,IF($U9=$N$43,$M$43,IF($U9=$N$44,$M$44,IF($U9=$N$45,$M$45,IF($U9=$N$46,$M$46,IF($U9=$N$47,$M$47,IF($U9=$N$48,$M$48,IF($U9=$N$49,$M$49,IF($U9=$N$50,$M$50,IF($U9=$N$51,$M$51,"")))))))))))))))&" "&IF($U9=$N$38,"(A)",IF($U9=$N$39,"(B)",IF($U9=$N$40,"(C)",IF($U9=$N$41,"(D)",IF($U9=$N$42,"(E)",IF($U9=$N$43,"(F)",IF($U9=$N$44,"(G)",IF($U9=$N$45,"(H)",IF($U9=$N$46,"(I)",IF($U9=$N$47,"(J)",IF($U9=$N$48,"(K)",IF($U9=$N$49,"(L)",IF($U9=$N$50,"(M)",IF($U9=$N$51,"(N)","")))))))))))))))
B10: F+PR | C10: F | E10: =_xlfn.XLOOKUP(F10, $K$100:$K$107, $L$100:$L$107, "Training") -> AA | F10: (MS) | G10: =_xlfn.XLOOKUP(H10, $K$100:$K$107, $L$100:$L$107, "Training") -> IT | H10: (UK) | K10: =_xlfn.XLOOKUP(L10, $K$100:$K$107, $L$100:$L$107, "Training") -> FMS | L10: (NG) | M10: =_xlfn.XLOOKUP(N10, $K$100:$K$107, $L$100:$L$107, "Training") -> IF | N10: (VAR) | O10: =IF(P10="",".",P10) -> Unplanned | P10: Unplanned | U10: (AW) | V10: =SUM(COUNTIF($E$5:$N$55,U10),IF(T10<>0,COUNTIF($E$5:$N$55,T10),0),IF(S10<>0,COUNTIF($E$5:$N$55,S10),0)) -> 3 | X10: =U10 -> (AW) | Y10: =SUM((COUNTIF($E$5:$F$55,$U10)),IF($T10<>0,(COUNTIF($E$5:$F$55,$T10))),IF($S10<>0,(COUNTIF($E$5:$F$55,$S10)))) -> 2 | Z10: =SUM(COUNTIF($G$5:$J$55,$U10),IF($T10<>0,(COUNTIF($G$5:$J$55,$T10))),IF($S10<>0,(COUNTIF($G$5:$J$55,$S10)))) -> 0 | AA10: =SUM(COUNTIF($K$5:$L$55,$U10),IF($T10<>0,(COUNTIF($K$5:$L$55,$T10))),IF($S10<>0,(COUNTIF($K$5:$L$55,$S10)))) -> 1 | AB10: =SUM(COUNTIF($M$5:$N$55,$U10),IF($T10<>0,(COUNTIF($M$5:$N$55,$T10))),IF($S10<>0,(COUNTIF($M$5:$N$55,$S10)))) -> 0 | AC10: =CONCATENATE(IF($U10=$F$5,$E$5,IF($U10=$F$6,$E$6,IF($U10=$F$7,$E$7,IF($U10=$F$8,$E$8,IF($U10=$F$9,$E$9,IF($U10=$F$10,$E$10,IF($U10=$F$11,$E$11,IF($U10=$F$12,$E$12,IF($U10=$F$13,$E$13,IF($U10=$F$14,$E$14,IF($U10=$F$15,$E$15,IF($U10=$F$16,$E$16,IF($U10=$F$17,$E$17,"")))))))))))))&" "&IF($U10=$F$5,"(A)",IF($U10=$F$6,"(B)",IF($U10=$F$7,"(C)",IF($U10=$F$8,"(D)",IF($U10=$F$9,"(E)",IF($U10=$F$10,"(F)",IF($U10=$F$11,"(G)",IF($U10=$F$12,"(H)",IF($U10=$F$13,"(I)",IF($U10=$F$14,"(J)",IF($U10=$F$15,"(K)",IF($U10=$F$16,"(L)",IF($U10=$F$17,"(L)","")))))))))))))) -> ECOM (C) | AD10: =CONCATENATE(IF($U10=$H$5,$G$5,IF($U10=$H$6,$G$6,IF($U10=$H$7,$G$7,IF($U10=$H$8,$G$8,IF($U10=$H$9,$G$9,IF($U10=$H$10,$G$10,IF($U10=$H$11,$G$11,IF($U10=$H$12,$G$12,IF($U10=$H$13,$G$13,IF($U10=$H$14,$G$14,IF($U10=$H$15,$G$15,IF($U10=$H$16,$G$16,IF($U10=$H$17,$G$17,"")))))))))))))&" "&IF($U10=$H$5,"(A)",IF($U10=$H$6,"(B)",IF($U10=$H$7,"(C)",IF($U10=$H$8,"(D)",IF($U10=$H$9,"(E)",IF($U10=$H$10,"(F)",IF($U10=$H$11,"(G)",IF($U10=$H$12,"(H)",IF($U10=$H$13,"(I)",IF($U10=$H$14,"(J)",IF($U10=$H$15,"(K)",IF($U10=$H$16,"(L)",IF($U10=$H$17,"(L)","")))))))))))))) | AE10: =CONCATENATE(IF($U10=$L$5,$K$5,IF($U10=$L$6,$K$6,IF($U10=$L$7,$K$7,IF($U10=$L$8,$K$8,IF($U10=$L$9,$K$9,IF($U10=$L$10,$K$10,IF($U10=$L$11,$K$11,IF($U10=$L$12,$K$12,IF($U10=$L$13,$K$13,IF($U10=$L$14,$K$14,IF($U10=$L$15,$K$15,IF($U10=$L$16,$K$16,IF($U10=$L$17,$K$17,"")))))))))))))&" "&IF($U10=$L$5,"(A)",IF($U10=$L$6,"(B)",IF($U10=$L$7,"(C)",IF($U10=$L$8,"(D)",IF($U10=$L$9,"(E)",IF($U10=$L$10,"(F)",IF($U10=$L$11,"(G)",IF($U10=$L$12,"(H)",IF($U10=$L$13,"(I)",IF($U10=$L$14,"(J)",IF($U10=$L$15,"(K)",IF($U10=$L$16,"(L)",IF($U10=$L$17,"(L)","")))))))))))))) | AF10: =CONCATENATE(IF($U10=$N$5,$M$5,IF($U10=$N$6,$M$6,IF($U10=$N$7,$M$7,IF($U10=$N$8,$M$8,IF($U10=$N$9,$M$9,IF($U10=$N$10,$M$10,IF($U10=$N$11,$M$11,IF($U10=$N$12,$M$12,IF($U10=$N$13,$M$13,IF($U10=$N$14,$M$14,IF($U10=$N$15,$M$15,IF($U10=$N$16,$M$16,IF($U10=$N$17,$M$17,"")))))))))))))&" "&(IF($U10=$N$5,"(A)",IF($U10=$N$6,"(B)",IF($U10=$N$7,"(C)",IF($U10=$N$8,"(D)",IF($U10=$N$9,"(E)",IF($U10=$N$10,"(F)",IF($U10=$N$11,"(G)",IF($U10=$N$12,"(H)",IF($U10=$N$13,"(I)",IF($U10=$N$14,"(J)",IF($U10=$N$15,"(K)",IF($U10=$N$16,"(L)",IF($U10=$N$17,"(L)",""))))))))))))))) | AG10: =CONCATENATE(IF($U10=$F$21,$E$21,IF($U10=$F$22,$E$22,IF($U10=$F$23,$E$23,IF($U10=$F$24,$E$24,IF($U10=$F$25,$E$25,IF($U10=$F$26,$E$26,IF($U10=$F$27,$E$27,IF($U10=$F$28,$E$28,IF($U10=$F$29,$E$29,IF($U10=$F$30,$E$30,IF($U10=$F$31,$E$31,IF($U10=$F$32,$E$32,IF($U10=$F$33,$E$33,IF($U10=$F$34,$E$34,"")))))))))))))&" "&(IF($U10=$F$21,"(A)",IF($U10=$F$22,"(B)",IF($U10=$F$23,"(C)",IF($U10=$F$24,"(D)",IF($U10=$F$25,"(E)",IF($U10=$F$26,"(F)",IF($U10=$F$27,"(G)",IF($U10=$F$28,"(H)",IF($U10=$F$29,"(I)",IF($U10=$F$30,"(J)",IF($U10=$D$63,"(K)",IF($U10=$F$32,"(L)",IF($U10=$F$33,"(M)",IF($U10=$F$34,"(N)",""))))))))))))))))) | AH10: =CONCATENATE(IF($U10=$H$21,$G$21,IF($U10=$H$22,$G$22,IF($U10=$H$23,$G$23,IF($U10=$H$24,$G$24,IF($U10=$H$25,$G$25,IF($U10=$H$26,$G$26,IF($U10=$H$27,$G$27,IF($U10=$H$28,$G$28,IF($U10=$H$29,$G$29,IF($U10=$H$30,$G$30,IF($U10=$H$31,$G$31,IF($U10=$H$32,$G$32,IF($U10=$H$33,$G$33,IF($U10=$H$34,$G$34,""))))))))))))))&" "&(IF($U10=$H$21,"(A)",IF($U10=$H$22,"(B)",IF($U10=$H$23,"(C)",IF($U10=$H$24,"(D)",IF($U10=$H$25,"(E)",IF($U10=$H$26,"(F)",IF($U10=$H$27,"(G)",IF($U10=$H$28,"(H)",IF($U10=$H$29,"(I)",IF($U10=$H$30,"(J)",IF($U10=$H$31,"(K)",IF($U10=$H$32,"(L)",IF($U10=$H$33,"(M)",IF($U10=$H$34,"(N)","")))))))))))))))) | AI10: =CONCATENATE(IF($U10=$L$21,$K$21,IF($U10=$L$22,$K$22,IF($U10=$L$23,$K$23,IF($U10=$L$24,$K$24,IF($U10=$L$25,$K$25,IF($U10=$L$26,$K$26,IF($U10=$L$27,$K$27,IF($U10=$L$28,$K$28,IF($U10=$L$29,$K$29,IF($U10=$L$30,$K$30,IF($U10=$L$31,$K$31,IF($U10=$L$32,$K$32,IF($U10=$L$33,$K$33,IF($U10=$L$34,$K$34,""))))))))))))))&" "&IF($U10=$L$21,"(A)",IF($U10=$L$22,"(B)",IF($U10=$L$23,"(C)",IF($U10=$L$24,"(D)",IF($U10=$L$25,"(E)",IF($U10=$L$26,"(F)",IF($U10=$L$27,"(G)",IF($U10=$L$28,"(H)",IF($U10=$L$29,"(I)",IF($U10=$L$30,"(J)",IF($U10=$L$31,"(K)",IF($U10=$L$32,"(L)",IF($U10=$L$33,"(M)",IF($U10=$L$34,"(N)",""))))))))))))))) | AJ10: =CONCATENATE(IF($U10=$N$21,$M$21,IF($U10=$N$22,$M$22,IF($U10=$N$23,$M$23,IF($U10=$N$24,$M$24,IF($U10=$N$25,$M$25,IF($U10=$N$26,$M$26,IF($U10=$N$27,$M$27,IF($U10=$N$28,$M$28,IF($U10=$N$29,$M$29,IF($U10=$N$30,$M$30,IF($U10=$N$31,$M$31,IF($U10=$N$32,$M$32,IF($U10=$N$33,$M$33,IF($U10=$N$34,$M$34,""))))))))))))))&" "&(IF($U10=$N$21,"(A)",IF($U10=$N$22,"(B)",IF($U10=$N$23,"(C)",IF($U10=$N$24,"(D)",IF($U10=$N$25,"(E)",IF($U10=$N$26,"(F)",IF($U10=$N$27,"(G)",IF($U10=$N$28,"(H)",IF($U10=$N$29,"(I)",IF($U10=$N$30,"(J)",IF($U10=$N$31,"(K)",IF($U10=$N$32,"(L)",IF($U10=$N$33,"(M)",IF($U10=$N$34,"(N)","")))))))))))))))) | AK10: =CONCATENATE(IF($U10=$F$37,$E$37,IF($U10=$F$38,$E$38,IF($U10=$F$39,$E$39,IF($U10=$F$40,$E$40,IF($U10=$F$41,$E$41,IF($U10=$F$42,$E$42,IF($U10=$F$43,$E$43,IF($U10=$F$44,$E$44,IF($U10=$F$45,$E$45,IF($U10=$F$46,$E$46,IF($U10=$F$47,$E$47,IF($U10=$F$48,$E$48,IF($U10=$F$49,$E$49,IF($U10=$F$50,$E$50,IF($U10=$F$51,$E$51,""))))))))))))))&" "&IF($U10=$F$38,"(A)",IF($U10=$F$39,"(B)",IF($U10=$F$40,"(C)",IF($U10=$F$41,"(D)",IF($U10=$F$42,"(E)",IF($U10=$F$43,"(F)",IF($U10=$F$44,"(G)",IF($U10=$F$45,"(H)",IF($U10=$F$46,"(I)",IF($U10=$F$47,"(J)",IF($U10=$F$48,"(K)",IF($U10=$F$49,"(L)",IF($U10=$F$50,"(M)",IF($U10=$F$51,"(N)","")))))))))))))))) -> BT (K) | AL10: =CONCATENATE(IF($U10=$H$37,$G$37,IF($U10=$H$38,$G$38,IF($U10=$H$39,$G$39,IF($U10=$H$40,$G$40,IF($U10=$H$41,$G$41,IF($U10=$H$42,$G$42,IF($U10=$H$43,$G$43,IF($U10=$H$44,$G$44,IF($U10=$H$45,$G$45,IF($U10=$H$46,$G$46,IF($U10=$H$47,$G$47,IF($U10=$H$48,$G$48,IF($U10=$H$49,$G$49,IF($U10=$H$50,$G$50,IF($U10=$H$51,$G$51,"")))))))))))))))&" "&IF($U10=$H$38,"(A)",IF($U10=$H$39,"(B)",IF($U10=$H$40,"(C)",IF($U10=$H$41,"(D)",IF($U10=$H$42,"(E)",IF($U10=$H$43,"(F)",IF($U10=$H$44,"(G)",IF($U10=$H$45,"(H)",IF($U10=$H$46,"(I)",IF($U10=$H$47,"(J)",IF($U10=$H$48,"(K)",IF($U10=$H$49,"(L)",IF($U10=$H$50,"(M)",IF($U10=$H$51,"(N)",""))))))))))))))) | AM10: =CONCATENATE(IF($U10=$L$37,$K$37,IF($U10=$L$38,$K$38,IF($U10=$L$39,$K$39,IF($U10=$L$40,$K$40,IF($U10=$L$41,$K$41,IF($U10=$L$42,$K$42,IF($U10=$L$43,$K$43,IF($U10=$L$44,$K$44,IF($U10=$L$45,$K$45,IF($U10=$L$46,$K$46,IF($U10=$L$47,$K$47,IF($U10=$L$48,$K$48,IF($U10=$L$49,$K$49,IF($U10=$L$50,$K$50,IF($U10=$L$51,$K$51,"")))))))))))))))&" "&IF($U10=$L$38,"(A)",IF($U10=$L$39,"(B)",IF($U10=$L$40,"(C)",IF($U10=$L$41,"(D)",IF($U10=$L$42,"(E)",IF($U10=$L$43,"(F)",IF($U10=$L$44,"(G)",IF($U10=$L$45,"(H)",IF($U10=$L$46,"(I)",IF($U10=$L$47,"(J)",IF($U10=$L$48,"(K)",IF($U10=$L$49,"(L)",IF($U10=$L$50,"(M)",IF($U10=$L$51,"(N)",""))))))))))))))) -> BT (A) | AN10: =CONCATENATE(IF($U10=$N$37,$M$37,IF($U10=$N$38,$M$38,IF($U10=$N$39,$M$39,IF($U10=$N$40,$M$40,IF($U10=$N$41,$M$41,IF($U10=$N$42,$M$42,IF($U10=$N$43,$M$43,IF($U10=$N$44,$M$44,IF($U10=$N$45,$M$45,IF($U10=$N$46,$M$46,IF($U10=$N$47,$M$47,IF($U10=$N$48,$M$48,IF($U10=$N$49,$M$49,IF($U10=$N$50,$M$50,IF($U10=$N$51,$M$51,"")))))))))))))))&" "&IF($U10=$N$38,"(A)",IF($U10=$N$39,"(B)",IF($U10=$N$40,"(C)",IF($U10=$N$41,"(D)",IF($U10=$N$42,"(E)",IF($U10=$N$43,"(F)",IF($U10=$N$44,"(G)",IF($U10=$N$45,"(H)",IF($U10=$N$46,"(I)",IF($U10=$N$47,"(J)",IF($U10=$N$48,"(K)",IF($U10=$N$49,"(L)",IF($U10=$N$50,"(M)",IF($U10=$N$51,"(N)","")))))))))))))))
B11: MKG+ECOM | C11: G | E11: =_xlfn.XLOOKUP(F11, $M$100:$M$107, $N$100:$N$107, "Training") -> MIP | F11: (DT) | G11: =_xlfn.XLOOKUP(H11, $M$100:$M$107, $N$100:$N$107, "Training") -> MA | H11: (NG) | K11: =_xlfn.XLOOKUP(L11, $M$100:$M$107, $N$100:$N$107, "Training") -> ECOM | L11: (SR) | M11: =_xlfn.XLOOKUP(N11, $M$100:$M$107, $N$100:$N$107, "Training") -> CB | N11: (KM) | O11: =IF(P11="",".",P11) -> . | U11: (BB) | V11: =SUM(COUNTIF($E$5:$N$55,U11),IF(T11<>0,COUNTIF($E$5:$N$55,T11),0),IF(S11<>0,COUNTIF($E$5:$N$55,S11),0)) -> 3 | X11: =U11 -> (BB) | Y11: =SUM((COUNTIF($E$5:$F$55,$U11)),IF($T11<>0,(COUNTIF($E$5:$F$55,$T11))),IF($S11<>0,(COUNTIF($E$5:$F$55,$S11)))) -> 1 | Z11: =SUM(COUNTIF($G$5:$J$55,$U11),IF($T11<>0,(COUNTIF($G$5:$J$55,$T11))),IF($S11<>0,(COUNTIF($G$5:$J$55,$S11)))) -> 0 | AA11: =SUM(COUNTIF($K$5:$L$55,$U11),IF($T11<>0,(COUNTIF($K$5:$L$55,$T11))),IF($S11<>0,(COUNTIF($K$5:$L$55,$S11)))) -> 0 | AB11: =SUM(COUNTIF($M$5:$N$55,$U11),IF($T11<>0,(COUNTIF($M$5:$N$55,$T11))),IF($S11<>0,(COUNTIF($M$5:$N$55,$S11)))) -> 2 | AC11: =CONCATENATE(IF($U11=$F$5,$E$5,IF($U11=$F$6,$E$6,IF($U11=$F$7,$E$7,IF($U11=$F$8,$E$8,IF($U11=$F$9,$E$9,IF($U11=$F$10,$E$10,IF($U11=$F$11,$E$11,IF($U11=$F$12,$E$12,IF($U11=$F$13,$E$13,IF($U11=$F$14,$E$14,IF($U11=$F$15,$E$15,IF($U11=$F$16,$E$16,IF($U11=$F$17,$E$17,"")))))))))))))&" "&IF($U11=$F$5,"(A)",IF($U11=$F$6,"(B)",IF($U11=$F$7,"(C)",IF($U11=$F$8,"(D)",IF($U11=$F$9,"(E)",IF($U11=$F$10,"(F)",IF($U11=$F$11,"(G)",IF($U11=$F$12,"(H)",IF($U11=$F$13,"(I)",IF($U11=$F$14,"(J)",IF($U11=$F$15,"(K)",IF($U11=$F$16,"(L)",IF($U11=$F$17,"(L)","")))))))))))))) | AD11: =CONCATENATE(IF($U11=$H$5,$G$5,IF($U11=$H$6,$G$6,IF($U11=$H$7,$G$7,IF($U11=$H$8,$G$8,IF($U11=$H$9,$G$9,IF($U11=$H$10,$G$10,IF($U11=$H$11,$G$11,IF($U11=$H$12,$G$12,IF($U11=$H$13,$G$13,IF($U11=$H$14,$G$14,IF($U11=$H$15,$G$15,IF($U11=$H$16,$G$16,IF($U11=$H$17,$G$17,"")))))))))))))&" "&IF($U11=$H$5,"(A)",IF($U11=$H$6,"(B)",IF($U11=$H$7,"(C)",IF($U11=$H$8,"(D)",IF($U11=$H$9,"(E)",IF($U11=$H$10,"(F)",IF($U11=$H$11,"(G)",IF($U11=$H$12,"(H)",IF($U11=$H$13,"(I)",IF($U11=$H$14,"(J)",IF($U11=$H$15,"(K)",IF($U11=$H$16,"(L)",IF($U11=$H$17,"(L)","")))))))))))))) | AE11: =CONCATENATE(IF($U11=$L$5,$K$5,IF($U11=$L$6,$K$6,IF($U11=$L$7,$K$7,IF($U11=$L$8,$K$8,IF($U11=$L$9,$K$9,IF($U11=$L$10,$K$10,IF($U11=$L$11,$K$11,IF($U11=$L$12,$K$12,IF($U11=$L$13,$K$13,IF($U11=$L$14,$K$14,IF($U11=$L$15,$K$15,IF($U11=$L$16,$K$16,IF($U11=$L$17,$K$17,"")))))))))))))&" "&IF($U11=$L$5,"(A)",IF($U11=$L$6,"(B)",IF($U11=$L$7,"(C)",IF($U11=$L$8,"(D)",IF($U11=$L$9,"(E)",IF($U11=$L$10,"(F)",IF($U11=$L$11,"(G)",IF($U11=$L$12,"(H)",IF($U11=$L$13,"(I)",IF($U11=$L$14,"(J)",IF($U11=$L$15,"(K)",IF($U11=$L$16,"(L)",IF($U11=$L$17,"(L)","")))))))))))))) | AF11: =CONCATENATE(IF($U11=$N$5,$M$5,IF($U11=$N$6,$M$6,IF($U11=$N$7,$M$7,IF($U11=$N$8,$M$8,IF($U11=$N$9,$M$9,IF($U11=$N$10,$M$10,IF($U11=$N$11,$M$11,IF($U11=$N$12,$M$12,IF($U11=$N$13,$M$13,IF($U11=$N$14,$M$14,IF($U11=$N$15,$M$15,IF($U11=$N$16,$M$16,IF($U11=$N$17,$M$17,"")))))))))))))&" "&(IF($U11=$N$5,"(A)",IF($U11=$N$6,"(B)",IF($U11=$N$7,"(C)",IF($U11=$N$8,"(D)",IF($U11=$N$9,"(E)",IF($U11=$N$10,"(F)",IF($U11=$N$11,"(G)",IF($U11=$N$12,"(H)",IF($U11=$N$13,"(I)",IF($U11=$N$14,"(J)",IF($U11=$N$15,"(K)",IF($U11=$N$16,"(L)",IF($U11=$N$17,"(L)",""))))))))))))))) -> ECOM (L) | AG11: =CONCATENATE(IF($U11=$F$21,$E$21,IF($U11=$F$22,$E$22,IF($U11=$F$23,$E$23,IF($U11=$F$24,$E$24,IF($U11=$F$25,$E$25,IF($U11=$F$26,$E$26,IF($U11=$F$27,$E$27,IF($U11=$F$28,$E$28,IF($U11=$F$29,$E$29,IF($U11=$F$30,$E$30,IF($U11=$F$31,$E$31,IF($U11=$F$32,$E$32,IF($U11=$F$33,$E$33,IF($U11=$F$34,$E$34,"")))))))))))))&" "&(IF($U11=$F$21,"(A)",IF($U11=$F$22,"(B)",IF($U11=$F$23,"(C)",IF($U11=$F$24,"(D)",IF($U11=$F$25,"(E)",IF($U11=$F$26,"(F)",IF($U11=$F$27,"(G)",IF($U11=$F$28,"(H)",IF($U11=$F$29,"(I)",IF($U11=$F$30,"(J)",IF($U11=$D$63,"(K)",IF($U11=$F$32,"(L)",IF($U11=$F$33,"(M)",IF($U11=$F$34,"(N)",""))))))))))))))))) | AH11: =CONCATENATE(IF($U11=$H$21,$G$21,IF($U11=$H$22,$G$22,IF($U11=$H$23,$G$23,IF($U11=$H$24,$G$24,IF($U11=$H$25,$G$25,IF($U11=$H$26,$G$26,IF($U11=$H$27,$G$27,IF($U11=$H$28,$G$28,IF($U11=$H$29,$G$29,IF($U11=$H$30,$G$30,IF($U11=$H$31,$G$31,IF($U11=$H$32,$G$32,IF($U11=$H$33,$G$33,IF($U11=$H$34,$G$34,""))))))))))))))&" "&(IF($U11=$H$21,"(A)",IF($U11=$H$22,"(B)",IF($U11=$H$23,"(C)",IF($U11=$H$24,"(D)",IF($U11=$H$25,"(E)",IF($U11=$H$26,"(F)",IF($U11=$H$27,"(G)",IF($U11=$H$28,"(H)",IF($U11=$H$29,"(I)",IF($U11=$H$30,"(J)",IF($U11=$H$31,"(K)",IF($U11=$H$32,"(L)",IF($U11=$H$33,"(M)",IF($U11=$H$34,"(N)","")))))))))))))))) | AI11: =CONCATENATE(IF($U11=$L$21,$K$21,IF($U11=$L$22,$K$22,IF($U11=$L$23,$K$23,IF($U11=$L$24,$K$24,IF($U11=$L$25,$K$25,IF($U11=$L$26,$K$26,IF($U11=$L$27,$K$27,IF($U11=$L$28,$K$28,IF($U11=$L$29,$K$29,IF($U11=$L$30,$K$30,IF($U11=$L$31,$K$31,IF($U11=$L$32,$K$32,IF($U11=$L$33,$K$33,IF($U11=$L$34,$K$34,""))))))))))))))&" "&IF($U11=$L$21,"(A)",IF($U11=$L$22,"(B)",IF($U11=$L$23,"(C)",IF($U11=$L$24,"(D)",IF($U11=$L$25,"(E)",IF($U11=$L$26,"(F)",IF($U11=$L$27,"(G)",IF($U11=$L$28,"(H)",IF($U11=$L$29,"(I)",IF($U11=$L$30,"(J)",IF($U11=$L$31,"(K)",IF($U11=$L$32,"(L)",IF($U11=$L$33,"(M)",IF($U11=$L$34,"(N)",""))))))))))))))) | AJ11: =CONCATENATE(IF($U11=$N$21,$M$21,IF($U11=$N$22,$M$22,IF($U11=$N$23,$M$23,IF($U11=$N$24,$M$24,IF($U11=$N$25,$M$25,IF($U11=$N$26,$M$26,IF($U11=$N$27,$M$27,IF($U11=$N$28,$M$28,IF($U11=$N$29,$M$29,IF($U11=$N$30,$M$30,IF($U11=$N$31,$M$31,IF($U11=$N$32,$M$32,IF($U11=$N$33,$M$33,IF($U11=$N$34,$M$34,""))))))))))))))&" "&(IF($U11=$N$21,"(A)",IF($U11=$N$22,"(B)",IF($U11=$N$23,"(C)",IF($U11=$N$24,"(D)",IF($U11=$N$25,"(E)",IF($U11=$N$26,"(F)",IF($U11=$N$27,"(G)",IF($U11=$N$28,"(H)",IF($U11=$N$29,"(I)",IF($U11=$N$30,"(J)",IF($U11=$N$31,"(K)",IF($U11=$N$32,"(L)",IF($U11=$N$33,"(M)",IF($U11=$N$34,"(N)","")))))))))))))))) | AK11: =CONCATENATE(IF($U11=$F$37,$E$37,IF($U11=$F$38,$E$38,IF($U11=$F$39,$E$39,IF($U11=$F$40,$E$40,IF($U11=$F$41,$E$41,IF($U11=$F$42,$E$42,IF($U11=$F$43,$E$43,IF($U11=$F$44,$E$44,IF($U11=$F$45,$E$45,IF($U11=$F$46,$E$46,IF($U11=$F$47,$E$47,IF($U11=$F$48,$E$48,IF($U11=$F$49,$E$49,IF($U11=$F$50,$E$50,IF($U11=$F$51,$E$51,""))))))))))))))&" "&IF($U11=$F$38,"(A)",IF($U11=$F$39,"(B)",IF($U11=$F$40,"(C)",IF($U11=$F$41,"(D)",IF($U11=$F$42,"(E)",IF($U11=$F$43,"(F)",IF($U11=$F$44,"(G)",IF($U11=$F$45,"(H)",IF($U11=$F$46,"(I)",IF($U11=$F$47,"(J)",IF($U11=$F$48,"(K)",IF($U11=$F$49,"(L)",IF($U11=$F$50,"(M)",IF($U11=$F$51,"(N)","")))))))))))))))) -> QT (G) | AL11: =CONCATENATE(IF($U11=$H$37,$G$37,IF($U11=$H$38,$G$38,IF($U11=$H$39,$G$39,IF($U11=$H$40,$G$40,IF($U11=$H$41,$G$41,IF($U11=$H$42,$G$42,IF($U11=$H$43,$G$43,IF($U11=$H$44,$G$44,IF($U11=$H$45,$G$45,IF($U11=$H$46,$G$46,IF($U11=$H$47,$G$47,IF($U11=$H$48,$G$48,IF($U11=$H$49,$G$49,IF($U11=$H$50,$G$50,IF($U11=$H$51,$G$51,"")))))))))))))))&" "&IF($U11=$H$38,"(A)",IF($U11=$H$39,"(B)",IF($U11=$H$40,"(C)",IF($U11=$H$41,"(D)",IF($U11=$H$42,"(E)",IF($U11=$H$43,"(F)",IF($U11=$H$44,"(G)",IF($U11=$H$45,"(H)",IF($U11=$H$46,"(I)",IF($U11=$H$47,"(J)",IF($U11=$H$48,"(K)",IF($U11=$H$49,"(L)",IF($U11=$H$50,"(M)",IF($U11=$H$51,"(N)",""))))))))))))))) | AM11: =CONCATENATE(IF($U11=$L$37,$K$37,IF($U11=$L$38,$K$38,IF($U11=$L$39,$K$39,IF($U11=$L$40,$K$40,IF($U11=$L$41,$K$41,IF($U11=$L$42,$K$42,IF($U11=$L$43,$K$43,IF($U11=$L$44,$K$44,IF($U11=$L$45,$K$45,IF($U11=$L$46,$K$46,IF($U11=$L$47,$K$47,IF($U11=$L$48,$K$48,IF($U11=$L$49,$K$49,IF($U11=$L$50,$K$50,IF($U11=$L$51,$K$51,"")))))))))))))))&" "&IF($U11=$L$38,"(A)",IF($U11=$L$39,"(B)",IF($U11=$L$40,"(C)",IF($U11=$L$41,"(D)",IF($U11=$L$42,"(E)",IF($U11=$L$43,"(F)",IF($U11=$L$44,"(G)",IF($U11=$L$45,"(H)",IF($U11=$L$46,"(I)",IF($U11=$L$47,"(J)",IF($U11=$L$48,"(K)",IF($U11=$L$49,"(L)",IF($U11=$L$50,"(M)",IF($U11=$L$51,"(N)",""))))))))))))))) | AN11: =CONCATENATE(IF($U11=$N$37,$M$37,IF($U11=$N$38,$M$38,IF($U11=$N$39,$M$39,IF($U11=$N$40,$M$40,IF($U11=$N$41,$M$41,IF($U11=$N$42,$M$42,IF($U11=$N$43,$M$43,IF($U11=$N$44,$M$44,IF($U11=$N$45,$M$45,IF($U11=$N$46,$M$46,IF($U11=$N$47,$M$47,IF($U11=$N$48,$M$48,IF($U11=$N$49,$M$49,IF($U11=$N$50,$M$50,IF($U11=$N$51,$M$51,"")))))))))))))))&" "&IF($U11=$N$38,"(A)",IF($U11=$N$39,"(B)",IF($U11=$N$40,"(C)",IF($U11=$N$41,"(D)",IF($U11=$N$42,"(E)",IF($U11=$N$43,"(F)",IF($U11=$N$44,"(G)",IF($U11=$N$45,"(H)",IF($U11=$N$46,"(I)",IF($U11=$N$47,"(J)",IF($U11=$N$48,"(K)",IF($U11=$N$49,"(L)",IF($U11=$N$50,"(M)",IF($U11=$N$51,"(N)",""))))))))))))))) -> QT (C)
B12: MKG+ECOM | C12: H | E12: =_xlfn.XLOOKUP(F12, $O$100:$O$107, $P$100:$P$107, "Training") -> ECOM | F12: (SR) | G12: =_xlfn.XLOOKUP(H12, $O$100:$O$107, $P$100:$P$107, "Training") -> MIP | H12: (LK) | K12: =_xlfn.XLOOKUP(L12, $O$100:$O$107, $P$100:$P$107, "Training") -> IT | L12: (SRN) | M12: =_xlfn.XLOOKUP(N12, $O$100:$O$107, $P$100:$P$107, "Training") -> CB | N12: (SRS) | O12: =IF(P12="",".",P12) -> . | U12: (BD) | V12: =SUM(COUNTIF($E$5:$N$55,U12),IF(T12<>0,COUNTIF($E$5:$N$55,T12),0),IF(S12<>0,COUNTIF($E$5:$N$55,S12),0)) -> 3 | X12: =U12 -> (BD) | Y12: =SUM((COUNTIF($E$5:$F$55,$U12)),IF($T12<>0,(COUNTIF($E$5:$F$55,$T12))),IF($S12<>0,(COUNTIF($E$5:$F$55,$S12)))) -> 1 | Z12: =SUM(COUNTIF($G$5:$J$55,$U12),IF($T12<>0,(COUNTIF($G$5:$J$55,$T12))),IF($S12<>0,(COUNTIF($G$5:$J$55,$S12)))) -> 1 | AA12: =SUM(COUNTIF($K$5:$L$55,$U12),IF($T12<>0,(COUNTIF($K$5:$L$55,$T12))),IF($S12<>0,(COUNTIF($K$5:$L$55,$S12)))) -> 0 | AB12: =SUM(COUNTIF($M$5:$N$55,$U12),IF($T12<>0,(COUNTIF($M$5:$N$55,$T12))),IF($S12<>0,(COUNTIF($M$5:$N$55,$S12)))) -> 1 | AC12: =CONCATENATE(IF($U12=$F$5,$E$5,IF($U12=$F$6,$E$6,IF($U12=$F$7,$E$7,IF($U12=$F$8,$E$8,IF($U12=$F$9,$E$9,IF($U12=$F$10,$E$10,IF($U12=$F$11,$E$11,IF($U12=$F$12,$E$12,IF($U12=$F$13,$E$13,IF($U12=$F$14,$E$14,IF($U12=$F$15,$E$15,IF($U12=$F$16,$E$16,IF($U12=$F$17,$E$17,"")))))))))))))&" "&IF($U12=$F$5,"(A)",IF($U12=$F$6,"(B)",IF($U12=$F$7,"(C)",IF($U12=$F$8,"(D)",IF($U12=$F$9,"(E)",IF($U12=$F$10,"(F)",IF($U12=$F$11,"(G)",IF($U12=$F$12,"(H)",IF($U12=$F$13,"(I)",IF($U12=$F$14,"(J)",IF($U12=$F$15,"(K)",IF($U12=$F$16,"(L)",IF($U12=$F$17,"(L)","")))))))))))))) | AD12: =CONCATENATE(IF($U12=$H$5,$G$5,IF($U12=$H$6,$G$6,IF($U12=$H$7,$G$7,IF($U12=$H$8,$G$8,IF($U12=$H$9,$G$9,IF($U12=$H$10,$G$10,IF($U12=$H$11,$G$11,IF($U12=$H$12,$G$12,IF($U12=$H$13,$G$13,IF($U12=$H$14,$G$14,IF($U12=$H$15,$G$15,IF($U12=$H$16,$G$16,IF($U12=$H$17,$G$17,"")))))))))))))&" "&IF($U12=$H$5,"(A)",IF($U12=$H$6,"(B)",IF($U12=$H$7,"(C)",IF($U12=$H$8,"(D)",IF($U12=$H$9,"(E)",IF($U12=$H$10,"(F)",IF($U12=$H$11,"(G)",IF($U12=$H$12,"(H)",IF($U12=$H$13,"(I)",IF($U12=$H$14,"(J)",IF($U12=$H$15,"(K)",IF($U12=$H$16,"(L)",IF($U12=$H$17,"(L)","")))))))))))))) | AE12: =CONCATENATE(IF($U12=$L$5,$K$5,IF($U12=$L$6,$K$6,IF($U12=$L$7,$K$7,IF($U12=$L$8,$K$8,IF($U12=$L$9,$K$9,IF($U12=$L$10,$K$10,IF($U12=$L$11,$K$11,IF($U12=$L$12,$K$12,IF($U12=$L$13,$K$13,IF($U12=$L$14,$K$14,IF($U12=$L$15,$K$15,IF($U12=$L$16,$K$16,IF($U12=$L$17,$K$17,"")))))))))))))&" "&IF($U12=$L$5,"(A)",IF($U12=$L$6,"(B)",IF($U12=$L$7,"(C)",IF($U12=$L$8,"(D)",IF($U12=$L$9,"(E)",IF($U12=$L$10,"(F)",IF($U12=$L$11,"(G)",IF($U12=$L$12,"(H)",IF($U12=$L$13,"(I)",IF($U12=$L$14,"(J)",IF($U12=$L$15,"(K)",IF($U12=$L$16,"(L)",IF($U12=$L$17,"(L)","")))))))))))))) | AF12: =CONCATENATE(IF($U12=$N$5,$M$5,IF($U12=$N$6,$M$6,IF($U12=$N$7,$M$7,IF($U12=$N$8,$M$8,IF($U12=$N$9,$M$9,IF($U12=$N$10,$M$10,IF($U12=$N$11,$M$11,IF($U12=$N$12,$M$12,IF($U12=$N$13,$M$13,IF($U12=$N$14,$M$14,IF($U12=$N$15,$M$15,IF($U12=$N$16,$M$16,IF($U12=$N$17,$M$17,"")))))))))))))&" "&(IF($U12=$N$5,"(A)",IF($U12=$N$6,"(B)",IF($U12=$N$7,"(C)",IF($U12=$N$8,"(D)",IF($U12=$N$9,"(E)",IF($U12=$N$10,"(F)",IF($U12=$N$11,"(G)",IF($U12=$N$12,"(H)",IF($U12=$N$13,"(I)",IF($U12=$N$14,"(J)",IF($U12=$N$15,"(K)",IF($U12=$N$16,"(L)",IF($U12=$N$17,"(L)",""))))))))))))))) | AG12: =CONCATENATE(IF($U12=$F$21,$E$21,IF($U12=$F$22,$E$22,IF($U12=$F$23,$E$23,IF($U12=$F$24,$E$24,IF($U12=$F$25,$E$25,IF($U12=$F$26,$E$26,IF($U12=$F$27,$E$27,IF($U12=$F$28,$E$28,IF($U12=$F$29,$E$29,IF($U12=$F$30,$E$30,IF($U12=$F$31,$E$31,IF($U12=$F$32,$E$32,IF($U12=$F$33,$E$33,IF($U12=$F$34,$E$34,"")))))))))))))&" "&(IF($U12=$F$21,"(A)",IF($U12=$F$22,"(B)",IF($U12=$F$23,"(C)",IF($U12=$F$24,"(D)",IF($U12=$F$25,"(E)",IF($U12=$F$26,"(F)",IF($U12=$F$27,"(G)",IF($U12=$F$28,"(H)",IF($U12=$F$29,"(I)",IF($U12=$F$30,"(J)",IF($U12=$D$63,"(K)",IF($U12=$F$32,"(L)",IF($U12=$F$33,"(M)",IF($U12=$F$34,"(N)",""))))))))))))))))) | AH12: =CONCATENATE(IF($U12=$H$21,$G$21,IF($U12=$H$22,$G$22,IF($U12=$H$23,$G$23,IF($U12=$H$24,$G$24,IF($U12=$H$25,$G$25,IF($U12=$H$26,$G$26,IF($U12=$H$27,$G$27,IF($U12=$H$28,$G$28,IF($U12=$H$29,$G$29,IF($U12=$H$30,$G$30,IF($U12=$H$31,$G$31,IF($U12=$H$32,$G$32,IF($U12=$H$33,$G$33,IF($U12=$H$34,$G$34,""))))))))))))))&" "&(IF($U12=$H$21,"(A)",IF($U12=$H$22,"(B)",IF($U12=$H$23,"(C)",IF($U12=$H$24,"(D)",IF($U12=$H$25,"(E)",IF($U12=$H$26,"(F)",IF($U12=$H$27,"(G)",IF($U12=$H$28,"(H)",IF($U12=$H$29,"(I)",IF($U12=$H$30,"(J)",IF($U12=$H$31,"(K)",IF($U12=$H$32,"(L)",IF($U12=$H$33,"(M)",IF($U12=$H$34,"(N)","")))))))))))))))) | AI12: =CONCATENATE(IF($U12=$L$21,$K$21,IF($U12=$L$22,$K$22,IF($U12=$L$23,$K$23,IF($U12=$L$24,$K$24,IF($U12=$L$25,$K$25,IF($U12=$L$26,$K$26,IF($U12=$L$27,$K$27,IF($U12=$L$28,$K$28,IF($U12=$L$29,$K$29,IF($U12=$L$30,$K$30,IF($U12=$L$31,$K$31,IF($U12=$L$32,$K$32,IF($U12=$L$33,$K$33,IF($U12=$L$34,$K$34,""))))))))))))))&" "&IF($U12=$L$21,"(A)",IF($U12=$L$22,"(B)",IF($U12=$L$23,"(C)",IF($U12=$L$24,"(D)",IF($U12=$L$25,"(E)",IF($U12=$L$26,"(F)",IF($U12=$L$27,"(G)",IF($U12=$L$28,"(H)",IF($U12=$L$29,"(I)",IF($U12=$L$30,"(J)",IF($U12=$L$31,"(K)",IF($U12=$L$32,"(L)",IF($U12=$L$33,"(M)",IF($U12=$L$34,"(N)",""))))))))))))))) | AJ12: =CONCATENATE(IF($U12=$N$21,$M$21,IF($U12=$N$22,$M$22,IF($U12=$N$23,$M$23,IF($U12=$N$24,$M$24,IF($U12=$N$25,$M$25,IF($U12=$N$26,$M$26,IF($U12=$N$27,$M$27,IF($U12=$N$28,$M$28,IF($U12=$N$29,$M$29,IF($U12=$N$30,$M$30,IF($U12=$N$31,$M$31,IF($U12=$N$32,$M$32,IF($U12=$N$33,$M$33,IF($U12=$N$34,$M$34,""))))))))))))))&" "&(IF($U12=$N$21,"(A)",IF($U12=$N$22,"(B)",IF($U12=$N$23,"(C)",IF($U12=$N$24,"(D)",IF($U12=$N$25,"(E)",IF($U12=$N$26,"(F)",IF($U12=$N$27,"(G)",IF($U12=$N$28,"(H)",IF($U12=$N$29,"(I)",IF($U12=$N$30,"(J)",IF($U12=$N$31,"(K)",IF($U12=$N$32,"(L)",IF($U12=$N$33,"(M)",IF($U12=$N$34,"(N)","")))))))))))))))) -> HR (N) | AK12: =CONCATENATE(IF($U12=$F$37,$E$37,IF($U12=$F$38,$E$38,IF($U12=$F$39,$E$39,IF($U12=$F$40,$E$40,IF($U12=$F$41,$E$41,IF($U12=$F$42,$E$42,IF($U12=$F$43,$E$43,IF($U12=$F$44,$E$44,IF($U12=$F$45,$E$45,IF($U12=$F$46,$E$46,IF($U12=$F$47,$E$47,IF($U12=$F$48,$E$48,IF($U12=$F$49,$E$49,IF($U12=$F$50,$E$50,IF($U12=$F$51,$E$51,""))))))))))))))&" "&IF($U12=$F$38,"(A)",IF($U12=$F$39,"(B)",IF($U12=$F$40,"(C)",IF($U12=$F$41,"(D)",IF($U12=$F$42,"(E)",IF($U12=$F$43,"(F)",IF($U12=$F$44,"(G)",IF($U12=$F$45,"(H)",IF($U12=$F$46,"(I)",IF($U12=$F$47,"(J)",IF($U12=$F$48,"(K)",IF($U12=$F$49,"(L)",IF($U12=$F$50,"(M)",IF($U12=$F$51,"(N)","")))))))))))))))) -> QT (J) | AL12: =CONCATENATE(IF($U12=$H$37,$G$37,IF($U12=$H$38,$G$38,IF($U12=$H$39,$G$39,IF($U12=$H$40,$G$40,IF($U12=$H$41,$G$41,IF($U12=$H$42,$G$42,IF($U12=$H$43,$G$43,IF($U12=$H$44,$G$44,IF($U12=$H$45,$G$45,IF($U12=$H$46,$G$46,IF($U12=$H$47,$G$47,IF($U12=$H$48,$G$48,IF($U12=$H$49,$G$49,IF($U12=$H$50,$G$50,IF($U12=$H$51,$G$51,"")))))))))))))))&" "&IF($U12=$H$38,"(A)",IF($U12=$H$39,"(B)",IF($U12=$H$40,"(C)",IF($U12=$H$41,"(D)",IF($U12=$H$42,"(E)",IF($U12=$H$43,"(F)",IF($U12=$H$44,"(G)",IF($U12=$H$45,"(H)",IF($U12=$H$46,"(I)",IF($U12=$H$47,"(J)",IF($U12=$H$48,"(K)",IF($U12=$H$49,"(L)",IF($U12=$H$50,"(M)",IF($U12=$H$51,"(N)",""))))))))))))))) -> QT (K) | AM12: =CONCATENATE(IF($U12=$L$37,$K$37,IF($U12=$L$38,$K$38,IF($U12=$L$39,$K$39,IF($U12=$L$40,$K$40,IF($U12=$L$41,$K$41,IF($U12=$L$42,$K$42,IF($U12=$L$43,$K$43,IF($U12=$L$44,$K$44,IF($U12=$L$45,$K$45,IF($U12=$L$46,$K$46,IF($U12=$L$47,$K$47,IF($U12=$L$48,$K$48,IF($U12=$L$49,$K$49,IF($U12=$L$50,$K$50,IF($U12=$L$51,$K$51,"")))))))))))))))&" "&IF($U12=$L$38,"(A)",IF($U12=$L$39,"(B)",IF($U12=$L$40,"(C)",IF($U12=$L$41,"(D)",IF($U12=$L$42,"(E)",IF($U12=$L$43,"(F)",IF($U12=$L$44,"(G)",IF($U12=$L$45,"(H)",IF($U12=$L$46,"(I)",IF($U12=$L$47,"(J)",IF($U12=$L$48,"(K)",IF($U12=$L$49,"(L)",IF($U12=$L$50,"(M)",IF($U12=$L$51,"(N)",""))))))))))))))) | AN12: =CONCATENATE(IF($U12=$N$37,$M$37,IF($U12=$N$38,$M$38,IF($U12=$N$39,$M$39,IF($U12=$N$40,$M$40,IF($U12=$N$41,$M$41,IF($U12=$N$42,$M$42,IF($U12=$N$43,$M$43,IF($U12=$N$44,$M$44,IF($U12=$N$45,$M$45,IF($U12=$N$46,$M$46,IF($U12=$N$47,$M$47,IF($U12=$N$48,$M$48,IF($U12=$N$49,$M$49,IF($U12=$N$50,$M$50,IF($U12=$N$51,$M$51,"")))))))))))))))&" "&IF($U12=$N$38,"(A)",IF($U12=$N$39,"(B)",IF($U12=$N$40,"(C)",IF($U12=$N$41,"(D)",IF($U12=$N$42,"(E)",IF($U12=$N$43,"(F)",IF($U12=$N$44,"(G)",IF($U12=$N$45,"(H)",IF($U12=$N$46,"(I)",IF($U12=$N$47,"(J)",IF($U12=$N$48,"(K)",IF($U12=$N$49,"(L)",IF($U12=$N$50,"(M)",IF($U12=$N$51,"(N)","")))))))))))))))
B13: MKG+ECOM | C13: I | E13: =_xlfn.XLOOKUP(F13, $Q$100:$Q$107, $R$100:$R$107, "Training") -> MA | F13: (NG) | G13: =_xlfn.XLOOKUP(H13, $Q$100:$Q$107, $R$100:$R$107, "Training") -> IT | H13: (SUP) | K13: =_xlfn.XLOOKUP(L13, $Q$100:$Q$107, $R$100:$R$107, "Training") -> MIP | L13: (LK) | M13: =_xlfn.XLOOKUP(N13, $Q$100:$Q$107, $R$100:$R$107, "Training") -> RM | N13: (AD) | O13: =IF(P13="",".",P13) -> . | U13: (CG) | V13: =SUM(COUNTIF($E$5:$N$55,U13),IF(T13<>0,COUNTIF($E$5:$N$55,T13),0),IF(S13<>0,COUNTIF($E$5:$N$55,S13),0)) -> 4 | X13: =U13 -> (CG) | Y13: =SUM((COUNTIF($E$5:$F$55,$U13)),IF($T13<>0,(COUNTIF($E$5:$F$55,$T13))),IF($S13<>0,(COUNTIF($E$5:$F$55,$S13)))) -> 0 | Z13: =SUM(COUNTIF($G$5:$J$55,$U13),IF($T13<>0,(COUNTIF($G$5:$J$55,$T13))),IF($S13<>0,(COUNTIF($G$5:$J$55,$S13)))) -> 1 | AA13: =SUM(COUNTIF($K$5:$L$55,$U13),IF($T13<>0,(COUNTIF($K$5:$L$55,$T13))),IF($S13<>0,(COUNTIF($K$5:$L$55,$S13)))) -> 1 | AB13: =SUM(COUNTIF($M$5:$N$55,$U13),IF($T13<>0,(COUNTIF($M$5:$N$55,$T13))),IF($S13<>0,(COUNTIF($M$5:$N$55,$S13)))) -> 2 | AC13: =CONCATENATE(IF($U13=$F$5,$E$5,IF($U13=$F$6,$E$6,IF($U13=$F$7,$E$7,IF($U13=$F$8,$E$8,IF($U13=$F$9,$E$9,IF($U13=$F$10,$E$10,IF($U13=$F$11,$E$11,IF($U13=$F$12,$E$12,IF($U13=$F$13,$E$13,IF($U13=$F$14,$E$14,IF($U13=$F$15,$E$15,IF($U13=$F$16,$E$16,IF($U13=$F$17,$E$17,"")))))))))))))&" "&IF($U13=$F$5,"(A)",IF($U13=$F$6,"(B)",IF($U13=$F$7,"(C)",IF($U13=$F$8,"(D)",IF($U13=$F$9,"(E)",IF($U13=$F$10,"(F)",IF($U13=$F$11,"(G)",IF($U13=$F$12,"(H)",IF($U13=$F$13,"(I)",IF($U13=$F$14,"(J)",IF($U13=$F$15,"(K)",IF($U13=$F$16,"(L)",IF($U13=$F$17,"(L)","")))))))))))))) | AD13: =CONCATENATE(IF($U13=$H$5,$G$5,IF($U13=$H$6,$G$6,IF($U13=$H$7,$G$7,IF($U13=$H$8,$G$8,IF($U13=$H$9,$G$9,IF($U13=$H$10,$G$10,IF($U13=$H$11,$G$11,IF($U13=$H$12,$G$12,IF($U13=$H$13,$G$13,IF($U13=$H$14,$G$14,IF($U13=$H$15,$G$15,IF($U13=$H$16,$G$16,IF($U13=$H$17,$G$17,"")))))))))))))&" "&IF($U13=$H$5,"(A)",IF($U13=$H$6,"(B)",IF($U13=$H$7,"(C)",IF($U13=$H$8,"(D)",IF($U13=$H$9,"(E)",IF($U13=$H$10,"(F)",IF($U13=$H$11,"(G)",IF($U13=$H$12,"(H)",IF($U13=$H$13,"(I)",IF($U13=$H$14,"(J)",IF($U13=$H$15,"(K)",IF($U13=$H$16,"(L)",IF($U13=$H$17,"(L)","")))))))))))))) | AE13: =CONCATENATE(IF($U13=$L$5,$K$5,IF($U13=$L$6,$K$6,IF($U13=$L$7,$K$7,IF($U13=$L$8,$K$8,IF($U13=$L$9,$K$9,IF($U13=$L$10,$K$10,IF($U13=$L$11,$K$11,IF($U13=$L$12,$K$12,IF($U13=$L$13,$K$13,IF($U13=$L$14,$K$14,IF($U13=$L$15,$K$15,IF($U13=$L$16,$K$16,IF($U13=$L$17,$K$17,"")))))))))))))&" "&IF($U13=$L$5,"(A)",IF($U13=$L$6,"(B)",IF($U13=$L$7,"(C)",IF($U13=$L$8,"(D)",IF($U13=$L$9,"(E)",IF($U13=$L$10,"(F)",IF($U13=$L$11,"(G)",IF($U13=$L$12,"(H)",IF($U13=$L$13,"(I)",IF($U13=$L$14,"(J)",IF($U13=$L$15,"(K)",IF($U13=$L$16,"(L)",IF($U13=$L$17,"(L)","")))))))))))))) | AF13: =CONCATENATE(IF($U13=$N$5,$M$5,IF($U13=$N$6,$M$6,IF($U13=$N$7,$M$7,IF($U13=$N$8,$M$8,IF($U13=$N$9,$M$9,IF($U13=$N$10,$M$10,IF($U13=$N$11,$M$11,IF($U13=$N$12,$M$12,IF($U13=$N$13,$M$13,IF($U13=$N$14,$M$14,IF($U13=$N$15,$M$15,IF($U13=$N$16,$M$16,IF($U13=$N$17,$M$17,"")))))))))))))&" "&(IF($U13=$N$5,"(A)",IF($U13=$N$6,"(B)",IF($U13=$N$7,"(C)",IF($U13=$N$8,"(D)",IF($U13=$N$9,"(E)",IF($U13=$N$10,"(F)",IF($U13=$N$11,"(G)",IF($U13=$N$12,"(H)",IF($U13=$N$13,"(I)",IF($U13=$N$14,"(J)",IF($U13=$N$15,"(K)",IF($U13=$N$16,"(L)",IF($U13=$N$17,"(L)",""))))))))))))))) | AG13: =CONCATENATE(IF($U13=$F$21,$E$21,IF($U13=$F$22,$E$22,IF($U13=$F$23,$E$23,IF($U13=$F$24,$E$24,IF($U13=$F$25,$E$25,IF($U13=$F$26,$E$26,IF($U13=$F$27,$E$27,IF($U13=$F$28,$E$28,IF($U13=$F$29,$E$29,IF($U13=$F$30,$E$30,IF($U13=$F$31,$E$31,IF($U13=$F$32,$E$32,IF($U13=$F$33,$E$33,IF($U13=$F$34,$E$34,"")))))))))))))&" "&(IF($U13=$F$21,"(A)",IF($U13=$F$22,"(B)",IF($U13=$F$23,"(C)",IF($U13=$F$24,"(D)",IF($U13=$F$25,"(E)",IF($U13=$F$26,"(F)",IF($U13=$F$27,"(G)",IF($U13=$F$28,"(H)",IF($U13=$F$29,"(I)",IF($U13=$F$30,"(J)",IF($U13=$D$63,"(K)",IF($U13=$F$32,"(L)",IF($U13=$F$33,"(M)",IF($U13=$F$34,"(N)",""))))))))))))))))) | AH13: =CONCATENATE(IF($U13=$H$21,$G$21,IF($U13=$H$22,$G$22,IF($U13=$H$23,$G$23,IF($U13=$H$24,$G$24,IF($U13=$H$25,$G$25,IF($U13=$H$26,$G$26,IF($U13=$H$27,$G$27,IF($U13=$H$28,$G$28,IF($U13=$H$29,$G$29,IF($U13=$H$30,$G$30,IF($U13=$H$31,$G$31,IF($U13=$H$32,$G$32,IF($U13=$H$33,$G$33,IF($U13=$H$34,$G$34,""))))))))))))))&" "&(IF($U13=$H$21,"(A)",IF($U13=$H$22,"(B)",IF($U13=$H$23,"(C)",IF($U13=$H$24,"(D)",IF($U13=$H$25,"(E)",IF($U13=$H$26,"(F)",IF($U13=$H$27,"(G)",IF($U13=$H$28,"(H)",IF($U13=$H$29,"(I)",IF($U13=$H$30,"(J)",IF($U13=$H$31,"(K)",IF($U13=$H$32,"(L)",IF($U13=$H$33,"(M)",IF($U13=$H$34,"(N)","")))))))))))))))) | AI13: =CONCATENATE(IF($U13=$L$21,$K$21,IF($U13=$L$22,$K$22,IF($U13=$L$23,$K$23,IF($U13=$L$24,$K$24,IF($U13=$L$25,$K$25,IF($U13=$L$26,$K$26,IF($U13=$L$27,$K$27,IF($U13=$L$28,$K$28,IF($U13=$L$29,$K$29,IF($U13=$L$30,$K$30,IF($U13=$L$31,$K$31,IF($U13=$L$32,$K$32,IF($U13=$L$33,$K$33,IF($U13=$L$34,$K$34,""))))))))))))))&" "&IF($U13=$L$21,"(A)",IF($U13=$L$22,"(B)",IF($U13=$L$23,"(C)",IF($U13=$L$24,"(D)",IF($U13=$L$25,"(E)",IF($U13=$L$26,"(F)",IF($U13=$L$27,"(G)",IF($U13=$L$28,"(H)",IF($U13=$L$29,"(I)",IF($U13=$L$30,"(J)",IF($U13=$L$31,"(K)",IF($U13=$L$32,"(L)",IF($U13=$L$33,"(M)",IF($U13=$L$34,"(N)",""))))))))))))))) | AJ13: =CONCATENATE(IF($U13=$N$21,$M$21,IF($U13=$N$22,$M$22,IF($U13=$N$23,$M$23,IF($U13=$N$24,$M$24,IF($U13=$N$25,$M$25,IF($U13=$N$26,$M$26,IF($U13=$N$27,$M$27,IF($U13=$N$28,$M$28,IF($U13=$N$29,$M$29,IF($U13=$N$30,$M$30,IF($U13=$N$31,$M$31,IF($U13=$N$32,$M$32,IF($U13=$N$33,$M$33,IF($U13=$N$34,$M$34,""))))))))))))))&" "&(IF($U13=$N$21,"(A)",IF($U13=$N$22,"(B)",IF($U13=$N$23,"(C)",IF($U13=$N$24,"(D)",IF($U13=$N$25,"(E)",IF($U13=$N$26,"(F)",IF($U13=$N$27,"(G)",IF($U13=$N$28,"(H)",IF($U13=$N$29,"(I)",IF($U13=$N$30,"(J)",IF($U13=$N$31,"(K)",IF($U13=$N$32,"(L)",IF($U13=$N$33,"(M)",IF($U13=$N$34,"(N)","")))))))))))))))) | AK13: =CONCATENATE(IF($U13=$F$37,$E$37,IF($U13=$F$38,$E$38,IF($U13=$F$39,$E$39,IF($U13=$F$40,$E$40,IF($U13=$F$41,$E$41,IF($U13=$F$42,$E$42,IF($U13=$F$43,$E$43,IF($U13=$F$44,$E$44,IF($U13=$F$45,$E$45,IF($U13=$F$46,$E$46,IF($U13=$F$47,$E$47,IF($U13=$F$48,$E$48,IF($U13=$F$49,$E$49,IF($U13=$F$50,$E$50,IF($U13=$F$51,$E$51,""))))))))))))))&" "&IF($U13=$F$38,"(A)",IF($U13=$F$39,"(B)",IF($U13=$F$40,"(C)",IF($U13=$F$41,"(D)",IF($U13=$F$42,"(E)",IF($U13=$F$43,"(F)",IF($U13=$F$44,"(G)",IF($U13=$F$45,"(H)",IF($U13=$F$46,"(I)",IF($U13=$F$47,"(J)",IF($U13=$F$48,"(K)",IF($U13=$F$49,"(L)",IF($U13=$F$50,"(M)",IF($U13=$F$51,"(N)","")))))))))))))))) | AL13: =CONCATENATE(IF($U13=$H$37,$G$37,IF($U13=$H$38,$G$38,IF($U13=$H$39,$G$39,IF($U13=$H$40,$G$40,IF($U13=$H$41,$G$41,IF($U13=$H$42,$G$42,IF($U13=$H$43,$G$43,IF($U13=$H$44,$G$44,IF($U13=$H$45,$G$45,IF($U13=$H$46,$G$46,IF($U13=$H$47,$G$47,IF($U13=$H$48,$G$48,IF($U13=$H$49,$G$49,IF($U13=$H$50,$G$50,IF($U13=$H$51,$G$51,"")))))))))))))))&" "&IF($U13=$H$38,"(A)",IF($U13=$H$39,"(B)",IF($U13=$H$40,"(C)",IF($U13=$H$41,"(D)",IF($U13=$H$42,"(E)",IF($U13=$H$43,"(F)",IF($U13=$H$44,"(G)",IF($U13=$H$45,"(H)",IF($U13=$H$46,"(I)",IF($U13=$H$47,"(J)",IF($U13=$H$48,"(K)",IF($U13=$H$49,"(L)",IF($U13=$H$50,"(M)",IF($U13=$H$51,"(N)",""))))))))))))))) -> GE (I) | AM13: =CONCATENATE(IF($U13=$L$37,$K$37,IF($U13=$L$38,$K$38,IF($U13=$L$39,$K$39,IF($U13=$L$40,$K$40,IF($U13=$L$41,$K$41,IF($U13=$L$42,$K$42,IF($U13=$L$43,$K$43,IF($U13=$L$44,$K$44,IF($U13=$L$45,$K$45,IF($U13=$L$46,$K$46,IF($U13=$L$47,$K$47,IF($U13=$L$48,$K$48,IF($U13=$L$49,$K$49,IF($U13=$L$50,$K$50,IF($U13=$L$51,$K$51,"")))))))))))))))&" "&IF($U13=$L$38,"(A)",IF($U13=$L$39,"(B)",IF($U13=$L$40,"(C)",IF($U13=$L$41,"(D)",IF($U13=$L$42,"(E)",IF($U13=$L$43,"(F)",IF($U13=$L$44,"(G)",IF($U13=$L$45,"(H)",IF($U13=$L$46,"(I)",IF($U13=$L$47,"(J)",IF($U13=$L$48,"(K)",IF($U13=$L$49,"(L)",IF($U13=$L$50,"(M)",IF($U13=$L$51,"(N)",""))))))))))))))) | AN13: =CONCATENATE(IF($U13=$N$37,$M$37,IF($U13=$N$38,$M$38,IF($U13=$N$39,$M$39,IF($U13=$N$40,$M$40,IF($U13=$N$41,$M$41,IF($U13=$N$42,$M$42,IF($U13=$N$43,$M$43,IF($U13=$N$44,$M$44,IF($U13=$N$45,$M$45,IF($U13=$N$46,$M$46,IF($U13=$N$47,$M$47,IF($U13=$N$48,$M$48,IF($U13=$N$49,$M$49,IF($U13=$N$50,$M$50,IF($U13=$N$51,$M$51,"")))))))))))))))&" "&IF($U13=$N$38,"(A)",IF($U13=$N$39,"(B)",IF($U13=$N$40,"(C)",IF($U13=$N$41,"(D)",IF($U13=$N$42,"(E)",IF($U13=$N$43,"(F)",IF($U13=$N$44,"(G)",IF($U13=$N$45,"(H)",IF($U13=$N$46,"(I)",IF($U13=$N$47,"(J)",IF($U13=$N$48,"(K)",IF($U13=$N$49,"(L)",IF($U13=$N$50,"(M)",IF($U13=$N$51,"(N)",""))))))))))))))) -> GE (E)
B14: MKG+PR | C14: J | E14: =_xlfn.XLOOKUP(F14, $S$100:$S$107, $T$100:$T$107, "Training") -> RM | F14: (LK) | G14: =_xlfn.XLOOKUP(H14, $S$100:$S$107, $T$100:$T$107, "Training") -> CB | H14: (KM) | K14: =_xlfn.XLOOKUP(L14, $S$100:$S$107, $T$100:$T$107, "Training") -> MIP | L14: (AV) | M14: =_xlfn.XLOOKUP(N14, $S$100:$S$107, $T$100:$T$107, "Training") -> MA | N14: (MEG) | O14: =IF(P14="",".",P14) -> . | U14: (DT) | V14: =SUM(COUNTIF($E$5:$N$55,U14),IF(T14<>0,COUNTIF($E$5:$N$55,T14),0),IF(S14<>0,COUNTIF($E$5:$N$55,S14),0)) -> 3 | X14: =U14 -> (DT) | Y14: =SUM((COUNTIF($E$5:$F$55,$U14)),IF($T14<>0,(COUNTIF($E$5:$F$55,$T14))),IF($S14<>0,(COUNTIF($E$5:$F$55,$S14)))) -> 1 | Z14: =SUM(COUNTIF($G$5:$J$55,$U14),IF($T14<>0,(COUNTIF($G$5:$J$55,$T14))),IF($S14<>0,(COUNTIF($G$5:$J$55,$S14)))) -> 1 | AA14: =SUM(COUNTIF($K$5:$L$55,$U14),IF($T14<>0,(COUNTIF($K$5:$L$55,$T14))),IF($S14<>0,(COUNTIF($K$5:$L$55,$S14)))) -> 1 | AB14: =SUM(COUNTIF($M$5:$N$55,$U14),IF($T14<>0,(COUNTIF($M$5:$N$55,$T14))),IF($S14<>0,(COUNTIF($M$5:$N$55,$S14)))) -> 0 | AC14: =CONCATENATE(IF($U14=$F$5,$E$5,IF($U14=$F$6,$E$6,IF($U14=$F$7,$E$7,IF($U14=$F$8,$E$8,IF($U14=$F$9,$E$9,IF($U14=$F$10,$E$10,IF($U14=$F$11,$E$11,IF($U14=$F$12,$E$12,IF($U14=$F$13,$E$13,IF($U14=$F$14,$E$14,IF($U14=$F$15,$E$15,IF($U14=$F$16,$E$16,IF($U14=$F$17,$E$17,"")))))))))))))&" "&IF($U14=$F$5,"(A)",IF($U14=$F$6,"(B)",IF($U14=$F$7,"(C)",IF($U14=$F$8,"(D)",IF($U14=$F$9,"(E)",IF($U14=$F$10,"(F)",IF($U14=$F$11,"(G)",IF($U14=$F$12,"(H)",IF($U14=$F$13,"(I)",IF($U14=$F$14,"(J)",IF($U14=$F$15,"(K)",IF($U14=$F$16,"(L)",IF($U14=$F$17,"(L)","")))))))))))))) -> MIP (G) | AD14: =CONCATENATE(IF($U14=$H$5,$G$5,IF($U14=$H$6,$G$6,IF($U14=$H$7,$G$7,IF($U14=$H$8,$G$8,IF($U14=$H$9,$G$9,IF($U14=$H$10,$G$10,IF($U14=$H$11,$G$11,IF($U14=$H$12,$G$12,IF($U14=$H$13,$G$13,IF($U14=$H$14,$G$14,IF($U14=$H$15,$G$15,IF($U14=$H$16,$G$16,IF($U14=$H$17,$G$17,"")))))))))))))&" "&IF($U14=$H$5,"(A)",IF($U14=$H$6,"(B)",IF($U14=$H$7,"(C)",IF($U14=$H$8,"(D)",IF($U14=$H$9,"(E)",IF($U14=$H$10,"(F)",IF($U14=$H$11,"(G)",IF($U14=$H$12,"(H)",IF($U14=$H$13,"(I)",IF($U14=$H$14,"(J)",IF($U14=$H$15,"(K)",IF($U14=$H$16,"(L)",IF($U14=$H$17,"(L)","")))))))))))))) -> EBO (L) | AE14: =CONCATENATE(IF($U14=$L$5,$K$5,IF($U14=$L$6,$K$6,IF($U14=$L$7,$K$7,IF($U14=$L$8,$K$8,IF($U14=$L$9,$K$9,IF($U14=$L$10,$K$10,IF($U14=$L$11,$K$11,IF($U14=$L$12,$K$12,IF($U14=$L$13,$K$13,IF($U14=$L$14,$K$14,IF($U14=$L$15,$K$15,IF($U14=$L$16,$K$16,IF($U14=$L$17,$K$17,"")))))))))))))&" "&IF($U14=$L$5,"(A)",IF($U14=$L$6,"(B)",IF($U14=$L$7,"(C)",IF($U14=$L$8,"(D)",IF($U14=$L$9,"(E)",IF($U14=$L$10,"(F)",IF($U14=$L$11,"(G)",IF($U14=$L$12,"(H)",IF($U14=$L$13,"(I)",IF($U14=$L$14,"(J)",IF($U14=$L$15,"(K)",IF($U14=$L$16,"(L)",IF($U14=$L$17,"(L)","")))))))))))))) -> ECOM (E) | AF14: =CONCATENATE(IF($U14=$N$5,$M$5,IF($U14=$N$6,$M$6,IF($U14=$N$7,$M$7,IF($U14=$N$8,$M$8,IF($U14=$N$9,$M$9,IF($U14=$N$10,$M$10,IF($U14=$N$11,$M$11,IF($U14=$N$12,$M$12,IF($U14=$N$13,$M$13,IF($U14=$N$14,$M$14,IF($U14=$N$15,$M$15,IF($U14=$N$16,$M$16,IF($U14=$N$17,$M$17,"")))))))))))))&" "&(IF($U14=$N$5,"(A)",IF($U14=$N$6,"(B)",IF($U14=$N$7,"(C)",IF($U14=$N$8,"(D)",IF($U14=$N$9,"(E)",IF($U14=$N$10,"(F)",IF($U14=$N$11,"(G)",IF($U14=$N$12,"(H)",IF($U14=$N$13,"(I)",IF($U14=$N$14,"(J)",IF($U14=$N$15,"(K)",IF($U14=$N$16,"(L)",IF($U14=$N$17,"(L)",""))))))))))))))) | AG14: =CONCATENATE(IF($U14=$F$21,$E$21,IF($U14=$F$22,$E$22,IF($U14=$F$23,$E$23,IF($U14=$F$24,$E$24,IF($U14=$F$25,$E$25,IF($U14=$F$26,$E$26,IF($U14=$F$27,$E$27,IF($U14=$F$28,$E$28,IF($U14=$F$29,$E$29,IF($U14=$F$30,$E$30,IF($U14=$F$31,$E$31,IF($U14=$F$32,$E$32,IF($U14=$F$33,$E$33,IF($U14=$F$34,$E$34,"")))))))))))))&" "&(IF($U14=$F$21,"(A)",IF($U14=$F$22,"(B)",IF($U14=$F$23,"(C)",IF($U14=$F$24,"(D)",IF($U14=$F$25,"(E)",IF($U14=$F$26,"(F)",IF($U14=$F$27,"(G)",IF($U14=$F$28,"(H)",IF($U14=$F$29,"(I)",IF($U14=$F$30,"(J)",IF($U14=$D$63,"(K)",IF($U14=$F$32,"(L)",IF($U14=$F$33,"(M)",IF($U14=$F$34,"(N)",""))))))))))))))))) | AH14: =CONCATENATE(IF($U14=$H$21,$G$21,IF($U14=$H$22,$G$22,IF($U14=$H$23,$G$23,IF($U14=$H$24,$G$24,IF($U14=$H$25,$G$25,IF($U14=$H$26,$G$26,IF($U14=$H$27,$G$27,IF($U14=$H$28,$G$28,IF($U14=$H$29,$G$29,IF($U14=$H$30,$G$30,IF($U14=$H$31,$G$31,IF($U14=$H$32,$G$32,IF($U14=$H$33,$G$33,IF($U14=$H$34,$G$34,""))))))))))))))&" "&(IF($U14=$H$21,"(A)",IF($U14=$H$22,"(B)",IF($U14=$H$23,"(C)",IF($U14=$H$24,"(D)",IF($U14=$H$25,"(E)",IF($U14=$H$26,"(F)",IF($U14=$H$27,"(G)",IF($U14=$H$28,"(H)",IF($U14=$H$29,"(I)",IF($U14=$H$30,"(J)",IF($U14=$H$31,"(K)",IF($U14=$H$32,"(L)",IF($U14=$H$33,"(M)",IF($U14=$H$34,"(N)","")))))))))))))))) | AI14: =CONCATENATE(IF($U14=$L$21,$K$21,IF($U14=$L$22,$K$22,IF($U14=$L$23,$K$23,IF($U14=$L$24,$K$24,IF($U14=$L$25,$K$25,IF($U14=$L$26,$K$26,IF($U14=$L$27,$K$27,IF($U14=$L$28,$K$28,IF($U14=$L$29,$K$29,IF($U14=$L$30,$K$30,IF($U14=$L$31,$K$31,IF($U14=$L$32,$K$32,IF($U14=$L$33,$K$33,IF($U14=$L$34,$K$34,""))))))))))))))&" "&IF($U14=$L$21,"(A)",IF($U14=$L$22,"(B)",IF($U14=$L$23,"(C)",IF($U14=$L$24,"(D)",IF($U14=$L$25,"(E)",IF($U14=$L$26,"(F)",IF($U14=$L$27,"(G)",IF($U14=$L$28,"(H)",IF($U14=$L$29,"(I)",IF($U14=$L$30,"(J)",IF($U14=$L$31,"(K)",IF($U14=$L$32,"(L)",IF($U14=$L$33,"(M)",IF($U14=$L$34,"(N)",""))))))))))))))) | AJ14: =CONCATENATE(IF($U14=$N$21,$M$21,IF($U14=$N$22,$M$22,IF($U14=$N$23,$M$23,IF($U14=$N$24,$M$24,IF($U14=$N$25,$M$25,IF($U14=$N$26,$M$26,IF($U14=$N$27,$M$27,IF($U14=$N$28,$M$28,IF($U14=$N$29,$M$29,IF($U14=$N$30,$M$30,IF($U14=$N$31,$M$31,IF($U14=$N$32,$M$32,IF($U14=$N$33,$M$33,IF($U14=$N$34,$M$34,""))))))))))))))&" "&(IF($U14=$N$21,"(A)",IF($U14=$N$22,"(B)",IF($U14=$N$23,"(C)",IF($U14=$N$24,"(D)",IF($U14=$N$25,"(E)",IF($U14=$N$26,"(F)",IF($U14=$N$27,"(G)",IF($U14=$N$28,"(H)",IF($U14=$N$29,"(I)",IF($U14=$N$30,"(J)",IF($U14=$N$31,"(K)",IF($U14=$N$32,"(L)",IF($U14=$N$33,"(M)",IF($U14=$N$34,"(N)","")))))))))))))))) | AK14: =CONCATENATE(IF($U14=$F$37,$E$37,IF($U14=$F$38,$E$38,IF($U14=$F$39,$E$39,IF($U14=$F$40,$E$40,IF($U14=$F$41,$E$41,IF($U14=$F$42,$E$42,IF($U14=$F$43,$E$43,IF($U14=$F$44,$E$44,IF($U14=$F$45,$E$45,IF($U14=$F$46,$E$46,IF($U14=$F$47,$E$47,IF($U14=$F$48,$E$48,IF($U14=$F$49,$E$49,IF($U14=$F$50,$E$50,IF($U14=$F$51,$E$51,""))))))))))))))&" "&IF($U14=$F$38,"(A)",IF($U14=$F$39,"(B)",IF($U14=$F$40,"(C)",IF($U14=$F$41,"(D)",IF($U14=$F$42,"(E)",IF($U14=$F$43,"(F)",IF($U14=$F$44,"(G)",IF($U14=$F$45,"(H)",IF($U14=$F$46,"(I)",IF($U14=$F$47,"(J)",IF($U14=$F$48,"(K)",IF($U14=$F$49,"(L)",IF($U14=$F$50,"(M)",IF($U14=$F$51,"(N)","")))))))))))))))) | AL14: =CONCATENATE(IF($U14=$H$37,$G$37,IF($U14=$H$38,$G$38,IF($U14=$H$39,$G$39,IF($U14=$H$40,$G$40,IF($U14=$H$41,$G$41,IF($U14=$H$42,$G$42,IF($U14=$H$43,$G$43,IF($U14=$H$44,$G$44,IF($U14=$H$45,$G$45,IF($U14=$H$46,$G$46,IF($U14=$H$47,$G$47,IF($U14=$H$48,$G$48,IF($U14=$H$49,$G$49,IF($U14=$H$50,$G$50,IF($U14=$H$51,$G$51,"")))))))))))))))&" "&IF($U14=$H$38,"(A)",IF($U14=$H$39,"(B)",IF($U14=$H$40,"(C)",IF($U14=$H$41,"(D)",IF($U14=$H$42,"(E)",IF($U14=$H$43,"(F)",IF($U14=$H$44,"(G)",IF($U14=$H$45,"(H)",IF($U14=$H$46,"(I)",IF($U14=$H$47,"(J)",IF($U14=$H$48,"(K)",IF($U14=$H$49,"(L)",IF($U14=$H$50,"(M)",IF($U14=$H$51,"(N)",""))))))))))))))) | AM14: =CONCATENATE(IF($U14=$L$37,$K$37,IF($U14=$L$38,$K$38,IF($U14=$L$39,$K$39,IF($U14=$L$40,$K$40,IF($U14=$L$41,$K$41,IF($U14=$L$42,$K$42,IF($U14=$L$43,$K$43,IF($U14=$L$44,$K$44,IF($U14=$L$45,$K$45,IF($U14=$L$46,$K$46,IF($U14=$L$47,$K$47,IF($U14=$L$48,$K$48,IF($U14=$L$49,$K$49,IF($U14=$L$50,$K$50,IF($U14=$L$51,$K$51,"")))))))))))))))&" "&IF($U14=$L$38,"(A)",IF($U14=$L$39,"(B)",IF($U14=$L$40,"(C)",IF($U14=$L$41,"(D)",IF($U14=$L$42,"(E)",IF($U14=$L$43,"(F)",IF($U14=$L$44,"(G)",IF($U14=$L$45,"(H)",IF($U14=$L$46,"(I)",IF($U14=$L$47,"(J)",IF($U14=$L$48,"(K)",IF($U14=$L$49,"(L)",IF($U14=$L$50,"(M)",IF($U14=$L$51,"(N)",""))))))))))))))) | AN14: =CONCATENATE(IF($U14=$N$37,$M$37,IF($U14=$N$38,$M$38,IF($U14=$N$39,$M$39,IF($U14=$N$40,$M$40,IF($U14=$N$41,$M$41,IF($U14=$N$42,$M$42,IF($U14=$N$43,$M$43,IF($U14=$N$44,$M$44,IF($U14=$N$45,$M$45,IF($U14=$N$46,$M$46,IF($U14=$N$47,$M$47,IF($U14=$N$48,$M$48,IF($U14=$N$49,$M$49,IF($U14=$N$50,$M$50,IF($U14=$N$51,$M$51,"")))))))))))))))&" "&IF($U14=$N$38,"(A)",IF($U14=$N$39,"(B)",IF($U14=$N$40,"(C)",IF($U14=$N$41,"(D)",IF($U14=$N$42,"(E)",IF($U14=$N$43,"(F)",IF($U14=$N$44,"(G)",IF($U14=$N$45,"(H)",IF($U14=$N$46,"(I)",IF($U14=$N$47,"(J)",IF($U14=$N$48,"(K)",IF($U14=$N$49,"(L)",IF($U14=$N$50,"(M)",IF($U14=$N$51,"(N)","")))))))))))))))
B15: MKG+ECOM+PR | C15: K | E15: =_xlfn.XLOOKUP(F15, $U$100:$U$107, $V$100:$V$107, "Training") -> IB | F15: (EC) | G15: =_xlfn.XLOOKUP(H15, $U$100:$U$107, $V$100:$V$107, "Training") -> IT | H15: (AD) | K15: =_xlfn.XLOOKUP(L15, $U$100:$U$107, $V$100:$V$107, "Training") -> CB | L15: (SRS) | M15: =_xlfn.XLOOKUP(N15, $U$100:$U$107, $V$100:$V$107, "Training") -> PR | N15: (SP) | O15: =IF(P15="",".",P15) -> . | U15: (EC) | V15: =SUM(COUNTIF($E$5:$N$55,U15),IF(T15<>0,COUNTIF($E$5:$N$55,T15),0),IF(S15<>0,COUNTIF($E$5:$N$55,S15),0)) -> 4 | X15: =U15 -> (EC) | Y15: =SUM((COUNTIF($E$5:$F$55,$U15)),IF($T15<>0,(COUNTIF($E$5:$F$55,$T15))),IF($S15<>0,(COUNTIF($E$5:$F$55,$S15)))) -> 1 | Z15: =SUM(COUNTIF($G$5:$J$55,$U15),IF($T15<>0,(COUNTIF($G$5:$J$55,$T15))),IF($S15<>0,(COUNTIF($G$5:$J$55,$S15)))) -> 1 | AA15: =SUM(COUNTIF($K$5:$L$55,$U15),IF($T15<>0,(COUNTIF($K$5:$L$55,$T15))),IF($S15<>0,(COUNTIF($K$5:$L$55,$S15)))) -> 1 | AB15: =SUM(COUNTIF($M$5:$N$55,$U15),IF($T15<>0,(COUNTIF($M$5:$N$55,$T15))),IF($S15<>0,(COUNTIF($M$5:$N$55,$S15)))) -> 1 | AC15: =CONCATENATE(IF($U15=$F$5,$E$5,IF($U15=$F$6,$E$6,IF($U15=$F$7,$E$7,IF($U15=$F$8,$E$8,IF($U15=$F$9,$E$9,IF($U15=$F$10,$E$10,IF($U15=$F$11,$E$11,IF($U15=$F$12,$E$12,IF($U15=$F$13,$E$13,IF($U15=$F$14,$E$14,IF($U15=$F$15,$E$15,IF($U15=$F$16,$E$16,IF($U15=$F$17,$E$17,"")))))))))))))&" "&IF($U15=$F$5,"(A)",IF($U15=$F$6,"(B)",IF($U15=$F$7,"(C)",IF($U15=$F$8,"(D)",IF($U15=$F$9,"(E)",IF($U15=$F$10,"(F)",IF($U15=$F$11,"(G)",IF($U15=$F$12,"(H)",IF($U15=$F$13,"(I)",IF($U15=$F$14,"(J)",IF($U15=$F$15,"(K)",IF($U15=$F$16,"(L)",IF($U15=$F$17,"(L)","")))))))))))))) -> IB (K) | AD15: =CONCATENATE(IF($U15=$H$5,$G$5,IF($U15=$H$6,$G$6,IF($U15=$H$7,$G$7,IF($U15=$H$8,$G$8,IF($U15=$H$9,$G$9,IF($U15=$H$10,$G$10,IF($U15=$H$11,$G$11,IF($U15=$H$12,$G$12,IF($U15=$H$13,$G$13,IF($U15=$H$14,$G$14,IF($U15=$H$15,$G$15,IF($U15=$H$16,$G$16,IF($U15=$H$17,$G$17,"")))))))))))))&" "&IF($U15=$H$5,"(A)",IF($U15=$H$6,"(B)",IF($U15=$H$7,"(C)",IF($U15=$H$8,"(D)",IF($U15=$H$9,"(E)",IF($U15=$H$10,"(F)",IF($U15=$H$11,"(G)",IF($U15=$H$12,"(H)",IF($U15=$H$13,"(I)",IF($U15=$H$14,"(J)",IF($U15=$H$15,"(K)",IF($U15=$H$16,"(L)",IF($U15=$H$17,"(L)","")))))))))))))) -> HRD (L) | AE15: =CONCATENATE(IF($U15=$L$5,$K$5,IF($U15=$L$6,$K$6,IF($U15=$L$7,$K$7,IF($U15=$L$8,$K$8,IF($U15=$L$9,$K$9,IF($U15=$L$10,$K$10,IF($U15=$L$11,$K$11,IF($U15=$L$12,$K$12,IF($U15=$L$13,$K$13,IF($U15=$L$14,$K$14,IF($U15=$L$15,$K$15,IF($U15=$L$16,$K$16,IF($U15=$L$17,$K$17,"")))))))))))))&" "&IF($U15=$L$5,"(A)",IF($U15=$L$6,"(B)",IF($U15=$L$7,"(C)",IF($U15=$L$8,"(D)",IF($U15=$L$9,"(E)",IF($U15=$L$10,"(F)",IF($U15=$L$11,"(G)",IF($U15=$L$12,"(H)",IF($U15=$L$13,"(I)",IF($U15=$L$14,"(J)",IF($U15=$L$15,"(K)",IF($U15=$L$16,"(L)",IF($U15=$L$17,"(L)","")))))))))))))) | AF15: =CONCATENATE(IF($U15=$N$5,$M$5,IF($U15=$N$6,$M$6,IF($U15=$N$7,$M$7,IF($U15=$N$8,$M$8,IF($U15=$N$9,$M$9,IF($U15=$N$10,$M$10,IF($U15=$N$11,$M$11,IF($U15=$N$12,$M$12,IF($U15=$N$13,$M$13,IF($U15=$N$14,$M$14,IF($U15=$N$15,$M$15,IF($U15=$N$16,$M$16,IF($U15=$N$17,$M$17,"")))))))))))))&" "&(IF($U15=$N$5,"(A)",IF($U15=$N$6,"(B)",IF($U15=$N$7,"(C)",IF($U15=$N$8,"(D)",IF($U15=$N$9,"(E)",IF($U15=$N$10,"(F)",IF($U15=$N$11,"(G)",IF($U15=$N$12,"(H)",IF($U15=$N$13,"(I)",IF($U15=$N$14,"(J)",IF($U15=$N$15,"(K)",IF($U15=$N$16,"(L)",IF($U15=$N$17,"(L)",""))))))))))))))) -> IB (E) | AG15: =CONCATENATE(IF($U15=$F$21,$E$21,IF($U15=$F$22,$E$22,IF($U15=$F$23,$E$23,IF($U15=$F$24,$E$24,IF($U15=$F$25,$E$25,IF($U15=$F$26,$E$26,IF($U15=$F$27,$E$27,IF($U15=$F$28,$E$28,IF($U15=$F$29,$E$29,IF($U15=$F$30,$E$30,IF($U15=$F$31,$E$31,IF($U15=$F$32,$E$32,IF($U15=$F$33,$E$33,IF($U15=$F$34,$E$34,"")))))))))))))&" "&(IF($U15=$F$21,"(A)",IF($U15=$F$22,"(B)",IF($U15=$F$23,"(C)",IF($U15=$F$24,"(D)",IF($U15=$F$25,"(E)",IF($U15=$F$26,"(F)",IF($U15=$F$27,"(G)",IF($U15=$F$28,"(H)",IF($U15=$F$29,"(I)",IF($U15=$F$30,"(J)",IF($U15=$D$63,"(K)",IF($U15=$F$32,"(L)",IF($U15=$F$33,"(M)",IF($U15=$F$34,"(N)",""))))))))))))))))) | AH15: =CONCATENATE(IF($U15=$H$21,$G$21,IF($U15=$H$22,$G$22,IF($U15=$H$23,$G$23,IF($U15=$H$24,$G$24,IF($U15=$H$25,$G$25,IF($U15=$H$26,$G$26,IF($U15=$H$27,$G$27,IF($U15=$H$28,$G$28,IF($U15=$H$29,$G$29,IF($U15=$H$30,$G$30,IF($U15=$H$31,$G$31,IF($U15=$H$32,$G$32,IF($U15=$H$33,$G$33,IF($U15=$H$34,$G$34,""))))))))))))))&" "&(IF($U15=$H$21,"(A)",IF($U15=$H$22,"(B)",IF($U15=$H$23,"(C)",IF($U15=$H$24,"(D)",IF($U15=$H$25,"(E)",IF($U15=$H$26,"(F)",IF($U15=$H$27,"(G)",IF($U15=$H$28,"(H)",IF($U15=$H$29,"(I)",IF($U15=$H$30,"(J)",IF($U15=$H$31,"(K)",IF($U15=$H$32,"(L)",IF($U15=$H$33,"(M)",IF($U15=$H$34,"(N)","")))))))))))))))) | AI15: =CONCATENATE(IF($U15=$L$21,$K$21,IF($U15=$L$22,$K$22,IF($U15=$L$23,$K$23,IF($U15=$L$24,$K$24,IF($U15=$L$25,$K$25,IF($U15=$L$26,$K$26,IF($U15=$L$27,$K$27,IF($U15=$L$28,$K$28,IF($U15=$L$29,$K$29,IF($U15=$L$30,$K$30,IF($U15=$L$31,$K$31,IF($U15=$L$32,$K$32,IF($U15=$L$33,$K$33,IF($U15=$L$34,$K$34,""))))))))))))))&" "&IF($U15=$L$21,"(A)",IF($U15=$L$22,"(B)",IF($U15=$L$23,"(C)",IF($U15=$L$24,"(D)",IF($U15=$L$25,"(E)",IF($U15=$L$26,"(F)",IF($U15=$L$27,"(G)",IF($U15=$L$28,"(H)",IF($U15=$L$29,"(I)",IF($U15=$L$30,"(J)",IF($U15=$L$31,"(K)",IF($U15=$L$32,"(L)",IF($U15=$L$33,"(M)",IF($U15=$L$34,"(N)",""))))))))))))))) -> ED (E) | AJ15: =CONCATENATE(IF($U15=$N$21,$M$21,IF($U15=$N$22,$M$22,IF($U15=$N$23,$M$23,IF($U15=$N$24,$M$24,IF($U15=$N$25,$M$25,IF($U15=$N$26,$M$26,IF($U15=$N$27,$M$27,IF($U15=$N$28,$M$28,IF($U15=$N$29,$M$29,IF($U15=$N$30,$M$30,IF($U15=$N$31,$M$31,IF($U15=$N$32,$M$32,IF($U15=$N$33,$M$33,IF($U15=$N$34,$M$34,""))))))))))))))&" "&(IF($U15=$N$21,"(A)",IF($U15=$N$22,"(B)",IF($U15=$N$23,"(C)",IF($U15=$N$24,"(D)",IF($U15=$N$25,"(E)",IF($U15=$N$26,"(F)",IF($U15=$N$27,"(G)",IF($U15=$N$28,"(H)",IF($U15=$N$29,"(I)",IF($U15=$N$30,"(J)",IF($U15=$N$31,"(K)",IF($U15=$N$32,"(L)",IF($U15=$N$33,"(M)",IF($U15=$N$34,"(N)","")))))))))))))))) | AK15: =CONCATENATE(IF($U15=$F$37,$E$37,IF($U15=$F$38,$E$38,IF($U15=$F$39,$E$39,IF($U15=$F$40,$E$40,IF($U15=$F$41,$E$41,IF($U15=$F$42,$E$42,IF($U15=$F$43,$E$43,IF($U15=$F$44,$E$44,IF($U15=$F$45,$E$45,IF($U15=$F$46,$E$46,IF($U15=$F$47,$E$47,IF($U15=$F$48,$E$48,IF($U15=$F$49,$E$49,IF($U15=$F$50,$E$50,IF($U15=$F$51,$E$51,""))))))))))))))&" "&IF($U15=$F$38,"(A)",IF($U15=$F$39,"(B)",IF($U15=$F$40,"(C)",IF($U15=$F$41,"(D)",IF($U15=$F$42,"(E)",IF($U15=$F$43,"(F)",IF($U15=$F$44,"(G)",IF($U15=$F$45,"(H)",IF($U15=$F$46,"(I)",IF($U15=$F$47,"(J)",IF($U15=$F$48,"(K)",IF($U15=$F$49,"(L)",IF($U15=$F$50,"(M)",IF($U15=$F$51,"(N)","")))))))))))))))) | AL15: =CONCATENATE(IF($U15=$H$37,$G$37,IF($U15=$H$38,$G$38,IF($U15=$H$39,$G$39,IF($U15=$H$40,$G$40,IF($U15=$H$41,$G$41,IF($U15=$H$42,$G$42,IF($U15=$H$43,$G$43,IF($U15=$H$44,$G$44,IF($U15=$H$45,$G$45,IF($U15=$H$46,$G$46,IF($U15=$H$47,$G$47,IF($U15=$H$48,$G$48,IF($U15=$H$49,$G$49,IF($U15=$H$50,$G$50,IF($U15=$H$51,$G$51,"")))))))))))))))&" "&IF($U15=$H$38,"(A)",IF($U15=$H$39,"(B)",IF($U15=$H$40,"(C)",IF($U15=$H$41,"(D)",IF($U15=$H$42,"(E)",IF($U15=$H$43,"(F)",IF($U15=$H$44,"(G)",IF($U15=$H$45,"(H)",IF($U15=$H$46,"(I)",IF($U15=$H$47,"(J)",IF($U15=$H$48,"(K)",IF($U15=$H$49,"(L)",IF($U15=$H$50,"(M)",IF($U15=$H$51,"(N)",""))))))))))))))) | AM15: =CONCATENATE(IF($U15=$L$37,$K$37,IF($U15=$L$38,$K$38,IF($U15=$L$39,$K$39,IF($U15=$L$40,$K$40,IF($U15=$L$41,$K$41,IF($U15=$L$42,$K$42,IF($U15=$L$43,$K$43,IF($U15=$L$44,$K$44,IF($U15=$L$45,$K$45,IF($U15=$L$46,$K$46,IF($U15=$L$47,$K$47,IF($U15=$L$48,$K$48,IF($U15=$L$49,$K$49,IF($U15=$L$50,$K$50,IF($U15=$L$51,$K$51,"")))))))))))))))&" "&IF($U15=$L$38,"(A)",IF($U15=$L$39,"(B)",IF($U15=$L$40,"(C)",IF($U15=$L$41,"(D)",IF($U15=$L$42,"(E)",IF($U15=$L$43,"(F)",IF($U15=$L$44,"(G)",IF($U15=$L$45,"(H)",IF($U15=$L$46,"(I)",IF($U15=$L$47,"(J)",IF($U15=$L$48,"(K)",IF($U15=$L$49,"(L)",IF($U15=$L$50,"(M)",IF($U15=$L$51,"(N)",""))))))))))))))) | AN15: =CONCATENATE(IF($U15=$N$37,$M$37,IF($U15=$N$38,$M$38,IF($U15=$N$39,$M$39,IF($U15=$N$40,$M$40,IF($U15=$N$41,$M$41,IF($U15=$N$42,$M$42,IF($U15=$N$43,$M$43,IF($U15=$N$44,$M$44,IF($U15=$N$45,$M$45,IF($U15=$N$46,$M$46,IF($U15=$N$47,$M$47,IF($U15=$N$48,$M$48,IF($U15=$N$49,$M$49,IF($U15=$N$50,$M$50,IF($U15=$N$51,$M$51,"")))))))))))))))&" "&IF($U15=$N$38,"(A)",IF($U15=$N$39,"(B)",IF($U15=$N$40,"(C)",IF($U15=$N$41,"(D)",IF($U15=$N$42,"(E)",IF($U15=$N$43,"(F)",IF($U15=$N$44,"(G)",IF($U15=$N$45,"(H)",IF($U15=$N$46,"(I)",IF($U15=$N$47,"(J)",IF($U15=$N$48,"(K)",IF($U15=$N$49,"(L)",IF($U15=$N$50,"(M)",IF($U15=$N$51,"(N)","")))))))))))))))
B16: HR+ED+PR+ECOM | C16: L | E16: =_xlfn.XLOOKUP(F16, $W$100:$W$107, $X$100:$X$107, "Training") -> IB | F16: (AV) | G16: =_xlfn.XLOOKUP(H16, $W$100:$W$107, $X$100:$X$107, "Training") -> HRD | H16: (EC) | K16: =_xlfn.XLOOKUP(L16, $W$100:$W$107, $X$100:$X$107, "Training") -> MA | L16: (RG) | M16: =_xlfn.XLOOKUP(N16, $W$100:$W$107, $X$100:$X$107, "Training") -> ECOM | N16: (BB) | O16: =IF(P16="",".",P16) -> . | U16: (HEM) | V16: =SUM(COUNTIF($E$5:$N$55,U16),IF(T16<>0,COUNTIF($E$5:$N$55,T16),0),IF(S16<>0,COUNTIF($E$5:$N$55,S16),0)) -> 0 | X16: =U16 -> (HEM) | Y16: =SUM((COUNTIF($E$5:$F$55,$U16)),IF($T16<>0,(COUNTIF($E$5:$F$55,$T16))),IF($S16<>0,(COUNTIF($E$5:$F$55,$S16)))) -> 0 | Z16: =SUM(COUNTIF($G$5:$J$55,$U16),IF($T16<>0,(COUNTIF($G$5:$J$55,$T16))),IF($S16<>0,(COUNTIF($G$5:$J$55,$S16)))) -> 0 | AA16: =SUM(COUNTIF($K$5:$L$55,$U16),IF($T16<>0,(COUNTIF($K$5:$L$55,$T16))),IF($S16<>0,(COUNTIF($K$5:$L$55,$S16)))) -> 0 | AB16: =SUM(COUNTIF($M$5:$N$55,$U16),IF($T16<>0,(COUNTIF($M$5:$N$55,$T16))),IF($S16<>0,(COUNTIF($M$5:$N$55,$S16)))) -> 0 | AC16: =CONCATENATE(IF($U16=$F$5,$E$5,IF($U16=$F$6,$E$6,IF($U16=$F$7,$E$7,IF($U16=$F$8,$E$8,IF($U16=$F$9,$E$9,IF($U16=$F$10,$E$10,IF($U16=$F$11,$E$11,IF($U16=$F$12,$E$12,IF($U16=$F$13,$E$13,IF($U16=$F$14,$E$14,IF($U16=$F$15,$E$15,IF($U16=$F$16,$E$16,IF($U16=$F$17,$E$17,"")))))))))))))&" "&IF($U16=$F$5,"(A)",IF($U16=$F$6,"(B)",IF($U16=$F$7,"(C)",IF($U16=$F$8,"(D)",IF($U16=$F$9,"(E)",IF($U16=$F$10,"(F)",IF($U16=$F$11,"(G)",IF($U16=$F$12,"(H)",IF($U16=$F$13,"(I)",IF($U16=$F$14,"(J)",IF($U16=$F$15,"(K)",IF($U16=$F$16,"(L)",IF($U16=$F$17,"(L)","")))))))))))))) | AD16: =CONCATENATE(IF($U16=$H$5,$G$5,IF($U16=$H$6,$G$6,IF($U16=$H$7,$G$7,IF($U16=$H$8,$G$8,IF($U16=$H$9,$G$9,IF($U16=$H$10,$G$10,IF($U16=$H$11,$G$11,IF($U16=$H$12,$G$12,IF($U16=$H$13,$G$13,IF($U16=$H$14,$G$14,IF($U16=$H$15,$G$15,IF($U16=$H$16,$G$16,IF($U16=$H$17,$G$17,"")))))))))))))&" "&IF($U16=$H$5,"(A)",IF($U16=$H$6,"(B)",IF($U16=$H$7,"(C)",IF($U16=$H$8,"(D)",IF($U16=$H$9,"(E)",IF($U16=$H$10,"(F)",IF($U16=$H$11,"(G)",IF($U16=$H$12,"(H)",IF($U16=$H$13,"(I)",IF($U16=$H$14,"(J)",IF($U16=$H$15,"(K)",IF($U16=$H$16,"(L)",IF($U16=$H$17,"(L)","")))))))))))))) | AE16: =CONCATENATE(IF($U16=$L$5,$K$5,IF($U16=$L$6,$K$6,IF($U16=$L$7,$K$7,IF($U16=$L$8,$K$8,IF($U16=$L$9,$K$9,IF($U16=$L$10,$K$10,IF($U16=$L$11,$K$11,IF($U16=$L$12,$K$12,IF($U16=$L$13,$K$13,IF($U16=$L$14,$K$14,IF($U16=$L$15,$K$15,IF($U16=$L$16,$K$16,IF($U16=$L$17,$K$17,"")))))))))))))&" "&IF($U16=$L$5,"(A)",IF($U16=$L$6,"(B)",IF($U16=$L$7,"(C)",IF($U16=$L$8,"(D)",IF($U16=$L$9,"(E)",IF($U16=$L$10,"(F)",IF($U16=$L$11,"(G)",IF($U16=$L$12,"(H)",IF($U16=$L$13,"(I)",IF($U16=$L$14,"(J)",IF($U16=$L$15,"(K)",IF($U16=$L$16,"(L)",IF($U16=$L$17,"(L)","")))))))))))))) | AF16: =CONCATENATE(IF($U16=$N$5,$M$5,IF($U16=$N$6,$M$6,IF($U16=$N$7,$M$7,IF($U16=$N$8,$M$8,IF($U16=$N$9,$M$9,IF($U16=$N$10,$M$10,IF($U16=$N$11,$M$11,IF($U16=$N$12,$M$12,IF($U16=$N$13,$M$13,IF($U16=$N$14,$M$14,IF($U16=$N$15,$M$15,IF($U16=$N$16,$M$16,IF($U16=$N$17,$M$17,"")))))))))))))&" "&(IF($U16=$N$5,"(A)",IF($U16=$N$6,"(B)",IF($U16=$N$7,"(C)",IF($U16=$N$8,"(D)",IF($U16=$N$9,"(E)",IF($U16=$N$10,"(F)",IF($U16=$N$11,"(G)",IF($U16=$N$12,"(H)",IF($U16=$N$13,"(I)",IF($U16=$N$14,"(J)",IF($U16=$N$15,"(K)",IF($U16=$N$16,"(L)",IF($U16=$N$17,"(L)",""))))))))))))))) | AG16: =CONCATENATE(IF($U16=$F$21,$E$21,IF($U16=$F$22,$E$22,IF($U16=$F$23,$E$23,IF($U16=$F$24,$E$24,IF($U16=$F$25,$E$25,IF($U16=$F$26,$E$26,IF($U16=$F$27,$E$27,IF($U16=$F$28,$E$28,IF($U16=$F$29,$E$29,IF($U16=$F$30,$E$30,IF($U16=$F$31,$E$31,IF($U16=$F$32,$E$32,IF($U16=$F$33,$E$33,IF($U16=$F$34,$E$34,"")))))))))))))&" "&(IF($U16=$F$21,"(A)",IF($U16=$F$22,"(B)",IF($U16=$F$23,"(C)",IF($U16=$F$24,"(D)",IF($U16=$F$25,"(E)",IF($U16=$F$26,"(F)",IF($U16=$F$27,"(G)",IF($U16=$F$28,"(H)",IF($U16=$F$29,"(I)",IF($U16=$F$30,"(J)",IF($U16=$D$63,"(K)",IF($U16=$F$32,"(L)",IF($U16=$F$33,"(M)",IF($U16=$F$34,"(N)",""))))))))))))))))) | AH16: =CONCATENATE(IF($U16=$H$21,$G$21,IF($U16=$H$22,$G$22,IF($U16=$H$23,$G$23,IF($U16=$H$24,$G$24,IF($U16=$H$25,$G$25,IF($U16=$H$26,$G$26,IF($U16=$H$27,$G$27,IF($U16=$H$28,$G$28,IF($U16=$H$29,$G$29,IF($U16=$H$30,$G$30,IF($U16=$H$31,$G$31,IF($U16=$H$32,$G$32,IF($U16=$H$33,$G$33,IF($U16=$H$34,$G$34,""))))))))))))))&" "&(IF($U16=$H$21,"(A)",IF($U16=$H$22,"(B)",IF($U16=$H$23,"(C)",IF($U16=$H$24,"(D)",IF($U16=$H$25,"(E)",IF($U16=$H$26,"(F)",IF($U16=$H$27,"(G)",IF($U16=$H$28,"(H)",IF($U16=$H$29,"(I)",IF($U16=$H$30,"(J)",IF($U16=$H$31,"(K)",IF($U16=$H$32,"(L)",IF($U16=$H$33,"(M)",IF($U16=$H$34,"(N)","")))))))))))))))) | AI16: =CONCATENATE(IF($U16=$L$21,$K$21,IF($U16=$L$22,$K$22,IF($U16=$L$23,$K$23,IF($U16=$L$24,$K$24,IF($U16=$L$25,$K$25,IF($U16=$L$26,$K$26,IF($U16=$L$27,$K$27,IF($U16=$L$28,$K$28,IF($U16=$L$29,$K$29,IF($U16=$L$30,$K$30,IF($U16=$L$31,$K$31,IF($U16=$L$32,$K$32,IF($U16=$L$33,$K$33,IF($U16=$L$34,$K$34,""))))))))))))))&" "&IF($U16=$L$21,"(A)",IF($U16=$L$22,"(B)",IF($U16=$L$23,"(C)",IF($U16=$L$24,"(D)",IF($U16=$L$25,"(E)",IF($U16=$L$26,"(F)",IF($U16=$L$27,"(G)",IF($U16=$L$28,"(H)",IF($U16=$L$29,"(I)",IF($U16=$L$30,"(J)",IF($U16=$L$31,"(K)",IF($U16=$L$32,"(L)",IF($U16=$L$33,"(M)",IF($U16=$L$34,"(N)",""))))))))))))))) | AJ16: =CONCATENATE(IF($U16=$N$21,$M$21,IF($U16=$N$22,$M$22,IF($U16=$N$23,$M$23,IF($U16=$N$24,$M$24,IF($U16=$N$25,$M$25,IF($U16=$N$26,$M$26,IF($U16=$N$27,$M$27,IF($U16=$N$28,$M$28,IF($U16=$N$29,$M$29,IF($U16=$N$30,$M$30,IF($U16=$N$31,$M$31,IF($U16=$N$32,$M$32,IF($U16=$N$33,$M$33,IF($U16=$N$34,$M$34,""))))))))))))))&" "&(IF($U16=$N$21,"(A)",IF($U16=$N$22,"(B)",IF($U16=$N$23,"(C)",IF($U16=$N$24,"(D)",IF($U16=$N$25,"(E)",IF($U16=$N$26,"(F)",IF($U16=$N$27,"(G)",IF($U16=$N$28,"(H)",IF($U16=$N$29,"(I)",IF($U16=$N$30,"(J)",IF($U16=$N$31,"(K)",IF($U16=$N$32,"(L)",IF($U16=$N$33,"(M)",IF($U16=$N$34,"(N)","")))))))))))))))) | AK16: =CONCATENATE(IF($U16=$F$37,$E$37,IF($U16=$F$38,$E$38,IF($U16=$F$39,$E$39,IF($U16=$F$40,$E$40,IF($U16=$F$41,$E$41,IF($U16=$F$42,$E$42,IF($U16=$F$43,$E$43,IF($U16=$F$44,$E$44,IF($U16=$F$45,$E$45,IF($U16=$F$46,$E$46,IF($U16=$F$47,$E$47,IF($U16=$F$48,$E$48,IF($U16=$F$49,$E$49,IF($U16=$F$50,$E$50,IF($U16=$F$51,$E$51,""))))))))))))))&" "&IF($U16=$F$38,"(A)",IF($U16=$F$39,"(B)",IF($U16=$F$40,"(C)",IF($U16=$F$41,"(D)",IF($U16=$F$42,"(E)",IF($U16=$F$43,"(F)",IF($U16=$F$44,"(G)",IF($U16=$F$45,"(H)",IF($U16=$F$46,"(I)",IF($U16=$F$47,"(J)",IF($U16=$F$48,"(K)",IF($U16=$F$49,"(L)",IF($U16=$F$50,"(M)",IF($U16=$F$51,"(N)","")))))))))))))))) | AL16: =CONCATENATE(IF($U16=$H$37,$G$37,IF($U16=$H$38,$G$38,IF($U16=$H$39,$G$39,IF($U16=$H$40,$G$40,IF($U16=$H$41,$G$41,IF($U16=$H$42,$G$42,IF($U16=$H$43,$G$43,IF($U16=$H$44,$G$44,IF($U16=$H$45,$G$45,IF($U16=$H$46,$G$46,IF($U16=$H$47,$G$47,IF($U16=$H$48,$G$48,IF($U16=$H$49,$G$49,IF($U16=$H$50,$G$50,IF($U16=$H$51,$G$51,"")))))))))))))))&" "&IF($U16=$H$38,"(A)",IF($U16=$H$39,"(B)",IF($U16=$H$40,"(C)",IF($U16=$H$41,"(D)",IF($U16=$H$42,"(E)",IF($U16=$H$43,"(F)",IF($U16=$H$44,"(G)",IF($U16=$H$45,"(H)",IF($U16=$H$46,"(I)",IF($U16=$H$47,"(J)",IF($U16=$H$48,"(K)",IF($U16=$H$49,"(L)",IF($U16=$H$50,"(M)",IF($U16=$H$51,"(N)",""))))))))))))))) | AM16: =CONCATENATE(IF($U16=$L$37,$K$37,IF($U16=$L$38,$K$38,IF($U16=$L$39,$K$39,IF($U16=$L$40,$K$40,IF($U16=$L$41,$K$41,IF($U16=$L$42,$K$42,IF($U16=$L$43,$K$43,IF($U16=$L$44,$K$44,IF($U16=$L$45,$K$45,IF($U16=$L$46,$K$46,IF($U16=$L$47,$K$47,IF($U16=$L$48,$K$48,IF($U16=$L$49,$K$49,IF($U16=$L$50,$K$50,IF($U16=$L$51,$K$51,"")))))))))))))))&" "&IF($U16=$L$38,"(A)",IF($U16=$L$39,"(B)",IF($U16=$L$40,"(C)",IF($U16=$L$41,"(D)",IF($U16=$L$42,"(E)",IF($U16=$L$43,"(F)",IF($U16=$L$44,"(G)",IF($U16=$L$45,"(H)",IF($U16=$L$46,"(I)",IF($U16=$L$47,"(J)",IF($U16=$L$48,"(K)",IF($U16=$L$49,"(L)",IF($U16=$L$50,"(M)",IF($U16=$L$51,"(N)",""))))))))))))))) | AN16: =CONCATENATE(IF($U16=$N$37,$M$37,IF($U16=$N$38,$M$38,IF($U16=$N$39,$M$39,IF($U16=$N$40,$M$40,IF($U16=$N$41,$M$41,IF($U16=$N$42,$M$42,IF($U16=$N$43,$M$43,IF($U16=$N$44,$M$44,IF($U16=$N$45,$M$45,IF($U16=$N$46,$M$46,IF($U16=$N$47,$M$47,IF($U16=$N$48,$M$48,IF($U16=$N$49,$M$49,IF($U16=$N$50,$M$50,IF($U16=$N$51,$M$51,"")))))))))))))))&" "&IF($U16=$N$38,"(A)",IF($U16=$N$39,"(B)",IF($U16=$N$40,"(C)",IF($U16=$N$41,"(D)",IF($U16=$N$42,"(E)",IF($U16=$N$43,"(F)",IF($U16=$N$44,"(G)",IF($U16=$N$45,"(H)",IF($U16=$N$46,"(I)",IF($U16=$N$47,"(J)",IF($U16=$N$48,"(K)",IF($U16=$N$49,"(L)",IF($U16=$N$50,"(M)",IF($U16=$N$51,"(N)","")))))))))))))))
E17: =IF(F17="(LK)","LE",IF(F17="(ND)","ES",IF(F17="(DT)","EBO",IF(F17="(SP)","PR","")))) | F17: =IF(F16="(RT)","(LK)",IF(F16="(SR)","(ND)",IF(F16="(EC)","(DT)",IF(F16="(BB)","(SP)","")))) | G17: =IF(H17="(LK)","LE",IF(H17="(ND)","ES",IF(H17="(DT)","EBO",IF(H17="(SP)","PR","")))) -> EBO | H17: =IF(H16="(RT)","(LK)",IF(H16="(SR)","(ND)",IF(H16="(EC)","(DT)",IF(H16="(BB)","(SP)","")))) -> (DT) | K17: =IF(L17="(LK)","LE",IF(L17="(ND)","ES",IF(L17="(DT)","EBO",IF(L17="(SP)","PR","")))) | L17: =IF(L16="(RT)","(LK)",IF(L16="(SR)","(ND)",IF(L16="(EC)","(DT)",IF(L16="(BB)","(SP)","")))) | M17: =IF(N17="(LK)","LE",IF(N17="(ND)","ES",IF(N17="(DT)","EBO",IF(N17="(SP)","PR","")))) -> PR | N17: =IF(N16="(RT)","(LK)",IF(N16="(SR)","(ND)",IF(N16="(EC)","(DT)",IF(N16="(BB)","(SP)","")))) -> (SP) | O17: =IF(P17="",".",P17) -> . | U17: (HK) | V17: =SUM(COUNTIF($E$5:$N$55,U17),IF(T17<>0,COUNTIF($E$5:$N$55,T17),0),IF(S17<>0,COUNTIF($E$5:$N$55,S17),0)) -> 0 | X17: =U17 -> (HK) | Y17: =SUM((COUNTIF($E$5:$F$55,$U17)),IF($T17<>0,(COUNTIF($E$5:$F$55,$T17))),IF($S17<>0,(COUNTIF($E$5:$F$55,$S17)))) -> 0 | Z17: =SUM(COUNTIF($G$5:$J$55,$U17),IF($T17<>0,(COUNTIF($G$5:$J$55,$T17))),IF($S17<>0,(COUNTIF($G$5:$J$55,$S17)))) -> 0 | AA17: =SUM(COUNTIF($K$5:$L$55,$U17),IF($T17<>0,(COUNTIF($K$5:$L$55,$T17))),IF($S17<>0,(COUNTIF($K$5:$L$55,$S17)))) -> 0 | AB17: =SUM(COUNTIF($M$5:$N$55,$U17),IF($T17<>0,(COUNTIF($M$5:$N$55,$T17))),IF($S17<>0,(COUNTIF($M$5:$N$55,$S17)))) -> 0 | AC17: =CONCATENATE(IF($U17=$F$5,$E$5,IF($U17=$F$6,$E$6,IF($U17=$F$7,$E$7,IF($U17=$F$8,$E$8,IF($U17=$F$9,$E$9,IF($U17=$F$10,$E$10,IF($U17=$F$11,$E$11,IF($U17=$F$12,$E$12,IF($U17=$F$13,$E$13,IF($U17=$F$14,$E$14,IF($U17=$F$15,$E$15,IF($U17=$F$16,$E$16,IF($U17=$F$17,$E$17,"")))))))))))))&" "&IF($U17=$F$5,"(A)",IF($U17=$F$6,"(B)",IF($U17=$F$7,"(C)",IF($U17=$F$8,"(D)",IF($U17=$F$9,"(E)",IF($U17=$F$10,"(F)",IF($U17=$F$11,"(G)",IF($U17=$F$12,"(H)",IF($U17=$F$13,"(I)",IF($U17=$F$14,"(J)",IF($U17=$F$15,"(K)",IF($U17=$F$16,"(L)",IF($U17=$F$17,"(L)","")))))))))))))) | AD17: =CONCATENATE(IF($U17=$H$5,$G$5,IF($U17=$H$6,$G$6,IF($U17=$H$7,$G$7,IF($U17=$H$8,$G$8,IF($U17=$H$9,$G$9,IF($U17=$H$10,$G$10,IF($U17=$H$11,$G$11,IF($U17=$H$12,$G$12,IF($U17=$H$13,$G$13,IF($U17=$H$14,$G$14,IF($U17=$H$15,$G$15,IF($U17=$H$16,$G$16,IF($U17=$H$17,$G$17,"")))))))))))))&" "&IF($U17=$H$5,"(A)",IF($U17=$H$6,"(B)",IF($U17=$H$7,"(C)",IF($U17=$H$8,"(D)",IF($U17=$H$9,"(E)",IF($U17=$H$10,"(F)",IF($U17=$H$11,"(G)",IF($U17=$H$12,"(H)",IF($U17=$H$13,"(I)",IF($U17=$H$14,"(J)",IF($U17=$H$15,"(K)",IF($U17=$H$16,"(L)",IF($U17=$H$17,"(L)","")))))))))))))) | AE17: =CONCATENATE(IF($U17=$L$5,$K$5,IF($U17=$L$6,$K$6,IF($U17=$L$7,$K$7,IF($U17=$L$8,$K$8,IF($U17=$L$9,$K$9,IF($U17=$L$10,$K$10,IF($U17=$L$11,$K$11,IF($U17=$L$12,$K$12,IF($U17=$L$13,$K$13,IF($U17=$L$14,$K$14,IF($U17=$L$15,$K$15,IF($U17=$L$16,$K$16,IF($U17=$L$17,$K$17,"")))))))))))))&" "&IF($U17=$L$5,"(A)",IF($U17=$L$6,"(B)",IF($U17=$L$7,"(C)",IF($U17=$L$8,"(D)",IF($U17=$L$9,"(E)",IF($U17=$L$10,"(F)",IF($U17=$L$11,"(G)",IF($U17=$L$12,"(H)",IF($U17=$L$13,"(I)",IF($U17=$L$14,"(J)",IF($U17=$L$15,"(K)",IF($U17=$L$16,"(L)",IF($U17=$L$17,"(L)","")))))))))))))) | AF17: =CONCATENATE(IF($U17=$N$5,$M$5,IF($U17=$N$6,$M$6,IF($U17=$N$7,$M$7,IF($U17=$N$8,$M$8,IF($U17=$N$9,$M$9,IF($U17=$N$10,$M$10,IF($U17=$N$11,$M$11,IF($U17=$N$12,$M$12,IF($U17=$N$13,$M$13,IF($U17=$N$14,$M$14,IF($U17=$N$15,$M$15,IF($U17=$N$16,$M$16,IF($U17=$N$17,$M$17,"")))))))))))))&" "&(IF($U17=$N$5,"(A)",IF($U17=$N$6,"(B)",IF($U17=$N$7,"(C)",IF($U17=$N$8,"(D)",IF($U17=$N$9,"(E)",IF($U17=$N$10,"(F)",IF($U17=$N$11,"(G)",IF($U17=$N$12,"(H)",IF($U17=$N$13,"(I)",IF($U17=$N$14,"(J)",IF($U17=$N$15,"(K)",IF($U17=$N$16,"(L)",IF($U17=$N$17,"(L)",""))))))))))))))) | AG17: =CONCATENATE(IF($U17=$F$21,$E$21,IF($U17=$F$22,$E$22,IF($U17=$F$23,$E$23,IF($U17=$F$24,$E$24,IF($U17=$F$25,$E$25,IF($U17=$F$26,$E$26,IF($U17=$F$27,$E$27,IF($U17=$F$28,$E$28,IF($U17=$F$29,$E$29,IF($U17=$F$30,$E$30,IF($U17=$F$31,$E$31,IF($U17=$F$32,$E$32,IF($U17=$F$33,$E$33,IF($U17=$F$34,$E$34,"")))))))))))))&" "&(IF($U17=$F$21,"(A)",IF($U17=$F$22,"(B)",IF($U17=$F$23,"(C)",IF($U17=$F$24,"(D)",IF($U17=$F$25,"(E)",IF($U17=$F$26,"(F)",IF($U17=$F$27,"(G)",IF($U17=$F$28,"(H)",IF($U17=$F$29,"(I)",IF($U17=$F$30,"(J)",IF($U17=$D$63,"(K)",IF($U17=$F$32,"(L)",IF($U17=$F$33,"(M)",IF($U17=$F$34,"(N)",""))))))))))))))))) | AH17: =CONCATENATE(IF($U17=$H$21,$G$21,IF($U17=$H$22,$G$22,IF($U17=$H$23,$G$23,IF($U17=$H$24,$G$24,IF($U17=$H$25,$G$25,IF($U17=$H$26,$G$26,IF($U17=$H$27,$G$27,IF($U17=$H$28,$G$28,IF($U17=$H$29,$G$29,IF($U17=$H$30,$G$30,IF($U17=$H$31,$G$31,IF($U17=$H$32,$G$32,IF($U17=$H$33,$G$33,IF($U17=$H$34,$G$34,""))))))))))))))&" "&(IF($U17=$H$21,"(A)",IF($U17=$H$22,"(B)",IF($U17=$H$23,"(C)",IF($U17=$H$24,"(D)",IF($U17=$H$25,"(E)",IF($U17=$H$26,"(F)",IF($U17=$H$27,"(G)",IF($U17=$H$28,"(H)",IF($U17=$H$29,"(I)",IF($U17=$H$30,"(J)",IF($U17=$H$31,"(K)",IF($U17=$H$32,"(L)",IF($U17=$H$33,"(M)",IF($U17=$H$34,"(N)","")))))))))))))))) | AI17: =CONCATENATE(IF($U17=$L$21,$K$21,IF($U17=$L$22,$K$22,IF($U17=$L$23,$K$23,IF($U17=$L$24,$K$24,IF($U17=$L$25,$K$25,IF($U17=$L$26,$K$26,IF($U17=$L$27,$K$27,IF($U17=$L$28,$K$28,IF($U17=$L$29,$K$29,IF($U17=$L$30,$K$30,IF($U17=$L$31,$K$31,IF($U17=$L$32,$K$32,IF($U17=$L$33,$K$33,IF($U17=$L$34,$K$34,""))))))))))))))&" "&IF($U17=$L$21,"(A)",IF($U17=$L$22,"(B)",IF($U17=$L$23,"(C)",IF($U17=$L$24,"(D)",IF($U17=$L$25,"(E)",IF($U17=$L$26,"(F)",IF($U17=$L$27,"(G)",IF($U17=$L$28,"(H)",IF($U17=$L$29,"(I)",IF($U17=$L$30,"(J)",IF($U17=$L$31,"(K)",IF($U17=$L$32,"(L)",IF($U17=$L$33,"(M)",IF($U17=$L$34,"(N)",""))))))))))))))) | AJ17: =CONCATENATE(IF($U17=$N$21,$M$21,IF($U17=$N$22,$M$22,IF($U17=$N$23,$M$23,IF($U17=$N$24,$M$24,IF($U17=$N$25,$M$25,IF($U17=$N$26,$M$26,IF($U17=$N$27,$M$27,IF($U17=$N$28,$M$28,IF($U17=$N$29,$M$29,IF($U17=$N$30,$M$30,IF($U17=$N$31,$M$31,IF($U17=$N$32,$M$32,IF($U17=$N$33,$M$33,IF($U17=$N$34,$M$34,""))))))))))))))&" "&(IF($U17=$N$21,"(A)",IF($U17=$N$22,"(B)",IF($U17=$N$23,"(C)",IF($U17=$N$24,"(D)",IF($U17=$N$25,"(E)",IF($U17=$N$26,"(F)",IF($U17=$N$27,"(G)",IF($U17=$N$28,"(H)",IF($U17=$N$29,"(I)",IF($U17=$N$30,"(J)",IF($U17=$N$31,"(K)",IF($U17=$N$32,"(L)",IF($U17=$N$33,"(M)",IF($U17=$N$34,"(N)","")))))))))))))))) | AK17: =CONCATENATE(IF($U17=$F$37,$E$37,IF($U17=$F$38,$E$38,IF($U17=$F$39,$E$39,IF($U17=$F$40,$E$40,IF($U17=$F$41,$E$41,IF($U17=$F$42,$E$42,IF($U17=$F$43,$E$43,IF($U17=$F$44,$E$44,IF($U17=$F$45,$E$45,IF($U17=$F$46,$E$46,IF($U17=$F$47,$E$47,IF($U17=$F$48,$E$48,IF($U17=$F$49,$E$49,IF($U17=$F$50,$E$50,IF($U17=$F$51,$E$51,""))))))))))))))&" "&IF($U17=$F$38,"(A)",IF($U17=$F$39,"(B)",IF($U17=$F$40,"(C)",IF($U17=$F$41,"(D)",IF($U17=$F$42,"(E)",IF($U17=$F$43,"(F)",IF($U17=$F$44,"(G)",IF($U17=$F$45,"(H)",IF($U17=$F$46,"(I)",IF($U17=$F$47,"(J)",IF($U17=$F$48,"(K)",IF($U17=$F$49,"(L)",IF($U17=$F$50,"(M)",IF($U17=$F$51,"(N)","")))))))))))))))) | AL17: =CONCATENATE(IF($U17=$H$37,$G$37,IF($U17=$H$38,$G$38,IF($U17=$H$39,$G$39,IF($U17=$H$40,$G$40,IF($U17=$H$41,$G$41,IF($U17=$H$42,$G$42,IF($U17=$H$43,$G$43,IF($U17=$H$44,$G$44,IF($U17=$H$45,$G$45,IF($U17=$H$46,$G$46,IF($U17=$H$47,$G$47,IF($U17=$H$48,$G$48,IF($U17=$H$49,$G$49,IF($U17=$H$50,$G$50,IF($U17=$H$51,$G$51,"")))))))))))))))&" "&IF($U17=$H$38,"(A)",IF($U17=$H$39,"(B)",IF($U17=$H$40,"(C)",IF($U17=$H$41,"(D)",IF($U17=$H$42,"(E)",IF($U17=$H$43,"(F)",IF($U17=$H$44,"(G)",IF($U17=$H$45,"(H)",IF($U17=$H$46,"(I)",IF($U17=$H$47,"(J)",IF($U17=$H$48,"(K)",IF($U17=$H$49,"(L)",IF($U17=$H$50,"(M)",IF($U17=$H$51,"(N)",""))))))))))))))) | AM17: =CONCATENATE(IF($U17=$L$37,$K$37,IF($U17=$L$38,$K$38,IF($U17=$L$39,$K$39,IF($U17=$L$40,$K$40,IF($U17=$L$41,$K$41,IF($U17=$L$42,$K$42,IF($U17=$L$43,$K$43,IF($U17=$L$44,$K$44,IF($U17=$L$45,$K$45,IF($U17=$L$46,$K$46,IF($U17=$L$47,$K$47,IF($U17=$L$48,$K$48,IF($U17=$L$49,$K$49,IF($U17=$L$50,$K$50,IF($U17=$L$51,$K$51,"")))))))))))))))&" "&IF($U17=$L$38,"(A)",IF($U17=$L$39,"(B)",IF($U17=$L$40,"(C)",IF($U17=$L$41,"(D)",IF($U17=$L$42,"(E)",IF($U17=$L$43,"(F)",IF($U17=$L$44,"(G)",IF($U17=$L$45,"(H)",IF($U17=$L$46,"(I)",IF($U17=$L$47,"(J)",IF($U17=$L$48,"(K)",IF($U17=$L$49,"(L)",IF($U17=$L$50,"(M)",IF($U17=$L$51,"(N)",""))))))))))))))) | AN17: =CONCATENATE(IF($U17=$N$37,$M$37,IF($U17=$N$38,$M$38,IF($U17=$N$39,$M$39,IF($U17=$N$40,$M$40,IF($U17=$N$41,$M$41,IF($U17=$N$42,$M$42,IF($U17=$N$43,$M$43,IF($U17=$N$44,$M$44,IF($U17=$N$45,$M$45,IF($U17=$N$46,$M$46,IF($U17=$N$47,$M$47,IF($U17=$N$48,$M$48,IF($U17=$N$49,$M$49,IF($U17=$N$50,$M$50,IF($U17=$N$51,$M$51,"")))))))))))))))&" "&IF($U17=$N$38,"(A)",IF($U17=$N$39,"(B)",IF($U17=$N$40,"(C)",IF($U17=$N$41,"(D)",IF($U17=$N$42,"(E)",IF($U17=$N$43,"(F)",IF($U17=$N$44,"(G)",IF($U17=$N$45,"(H)",IF($U17=$N$46,"(I)",IF($U17=$N$47,"(J)",IF($U17=$N$48,"(K)",IF($U17=$N$49,"(L)",IF($U17=$N$50,"(M)",IF($U17=$N$51,"(N)","")))))))))))))))
B18: BAJ | C18: A | E18: FS | F18: (AGK) | G18: AICS | H18: (BH) | K18: FMW | L18: (AGK) | M18: MGHR | N18: (SH) | O18: =IF(P18="",".",P18) -> . | U18: (JAY) | V18: =SUM(COUNTIF($E$5:$N$55,U18),IF(T18<>0,COUNTIF($E$5:$N$55,T18),0),IF(S18<>0,COUNTIF($E$5:$N$55,S18),0)) -> 3 | X18: =U18 -> (JAY) | Y18: =SUM((COUNTIF($E$5:$F$55,$U18)),IF($T18<>0,(COUNTIF($E$5:$F$55,$T18))),IF($S18<>0,(COUNTIF($E$5:$F$55,$S18)))) -> 1 | Z18: =SUM(COUNTIF($G$5:$J$55,$U18),IF($T18<>0,(COUNTIF($G$5:$J$55,$T18))),IF($S18<>0,(COUNTIF($G$5:$J$55,$S18)))) -> 1 | AA18: =SUM(COUNTIF($K$5:$L$55,$U18),IF($T18<>0,(COUNTIF($K$5:$L$55,$T18))),IF($S18<>0,(COUNTIF($K$5:$L$55,$S18)))) -> 1 | AB18: =SUM(COUNTIF($M$5:$N$55,$U18),IF($T18<>0,(COUNTIF($M$5:$N$55,$T18))),IF($S18<>0,(COUNTIF($M$5:$N$55,$S18)))) -> 0 | AC18: =CONCATENATE(IF($U18=$F$5,$E$5,IF($U18=$F$6,$E$6,IF($U18=$F$7,$E$7,IF($U18=$F$8,$E$8,IF($U18=$F$9,$E$9,IF($U18=$F$10,$E$10,IF($U18=$F$11,$E$11,IF($U18=$F$12,$E$12,IF($U18=$F$13,$E$13,IF($U18=$F$14,$E$14,IF($U18=$F$15,$E$15,IF($U18=$F$16,$E$16,IF($U18=$F$17,$E$17,"")))))))))))))&" "&IF($U18=$F$5,"(A)",IF($U18=$F$6,"(B)",IF($U18=$F$7,"(C)",IF($U18=$F$8,"(D)",IF($U18=$F$9,"(E)",IF($U18=$F$10,"(F)",IF($U18=$F$11,"(G)",IF($U18=$F$12,"(H)",IF($U18=$F$13,"(I)",IF($U18=$F$14,"(J)",IF($U18=$F$15,"(K)",IF($U18=$F$16,"(L)",IF($U18=$F$17,"(L)","")))))))))))))) | AD18: =CONCATENATE(IF($U18=$H$5,$G$5,IF($U18=$H$6,$G$6,IF($U18=$H$7,$G$7,IF($U18=$H$8,$G$8,IF($U18=$H$9,$G$9,IF($U18=$H$10,$G$10,IF($U18=$H$11,$G$11,IF($U18=$H$12,$G$12,IF($U18=$H$13,$G$13,IF($U18=$H$14,$G$14,IF($U18=$H$15,$G$15,IF($U18=$H$16,$G$16,IF($U18=$H$17,$G$17,"")))))))))))))&" "&IF($U18=$H$5,"(A)",IF($U18=$H$6,"(B)",IF($U18=$H$7,"(C)",IF($U18=$H$8,"(D)",IF($U18=$H$9,"(E)",IF($U18=$H$10,"(F)",IF($U18=$H$11,"(G)",IF($U18=$H$12,"(H)",IF($U18=$H$13,"(I)",IF($U18=$H$14,"(J)",IF($U18=$H$15,"(K)",IF($U18=$H$16,"(L)",IF($U18=$H$17,"(L)","")))))))))))))) | AE18: =CONCATENATE(IF($U18=$L$5,$K$5,IF($U18=$L$6,$K$6,IF($U18=$L$7,$K$7,IF($U18=$L$8,$K$8,IF($U18=$L$9,$K$9,IF($U18=$L$10,$K$10,IF($U18=$L$11,$K$11,IF($U18=$L$12,$K$12,IF($U18=$L$13,$K$13,IF($U18=$L$14,$K$14,IF($U18=$L$15,$K$15,IF($U18=$L$16,$K$16,IF($U18=$L$17,$K$17,"")))))))))))))&" "&IF($U18=$L$5,"(A)",IF($U18=$L$6,"(B)",IF($U18=$L$7,"(C)",IF($U18=$L$8,"(D)",IF($U18=$L$9,"(E)",IF($U18=$L$10,"(F)",IF($U18=$L$11,"(G)",IF($U18=$L$12,"(H)",IF($U18=$L$13,"(I)",IF($U18=$L$14,"(J)",IF($U18=$L$15,"(K)",IF($U18=$L$16,"(L)",IF($U18=$L$17,"(L)","")))))))))))))) | AF18: =CONCATENATE(IF($U18=$N$5,$M$5,IF($U18=$N$6,$M$6,IF($U18=$N$7,$M$7,IF($U18=$N$8,$M$8,IF($U18=$N$9,$M$9,IF($U18=$N$10,$M$10,IF($U18=$N$11,$M$11,IF($U18=$N$12,$M$12,IF($U18=$N$13,$M$13,IF($U18=$N$14,$M$14,IF($U18=$N$15,$M$15,IF($U18=$N$16,$M$16,IF($U18=$N$17,$M$17,"")))))))))))))&" "&(IF($U18=$N$5,"(A)",IF($U18=$N$6,"(B)",IF($U18=$N$7,"(C)",IF($U18=$N$8,"(D)",IF($U18=$N$9,"(E)",IF($U18=$N$10,"(F)",IF($U18=$N$11,"(G)",IF($U18=$N$12,"(H)",IF($U18=$N$13,"(I)",IF($U18=$N$14,"(J)",IF($U18=$N$15,"(K)",IF($U18=$N$16,"(L)",IF($U18=$N$17,"(L)",""))))))))))))))) | AG18: =CONCATENATE(IF($U18=$F$21,$E$21,IF($U18=$F$22,$E$22,IF($U18=$F$23,$E$23,IF($U18=$F$24,$E$24,IF($U18=$F$25,$E$25,IF($U18=$F$26,$E$26,IF($U18=$F$27,$E$27,IF($U18=$F$28,$E$28,IF($U18=$F$29,$E$29,IF($U18=$F$30,$E$30,IF($U18=$F$31,$E$31,IF($U18=$F$32,$E$32,IF($U18=$F$33,$E$33,IF($U18=$F$34,$E$34,"")))))))))))))&" "&(IF($U18=$F$21,"(A)",IF($U18=$F$22,"(B)",IF($U18=$F$23,"(C)",IF($U18=$F$24,"(D)",IF($U18=$F$25,"(E)",IF($U18=$F$26,"(F)",IF($U18=$F$27,"(G)",IF($U18=$F$28,"(H)",IF($U18=$F$29,"(I)",IF($U18=$F$30,"(J)",IF($U18=$D$63,"(K)",IF($U18=$F$32,"(L)",IF($U18=$F$33,"(M)",IF($U18=$F$34,"(N)",""))))))))))))))))) | AH18: =CONCATENATE(IF($U18=$H$21,$G$21,IF($U18=$H$22,$G$22,IF($U18=$H$23,$G$23,IF($U18=$H$24,$G$24,IF($U18=$H$25,$G$25,IF($U18=$H$26,$G$26,IF($U18=$H$27,$G$27,IF($U18=$H$28,$G$28,IF($U18=$H$29,$G$29,IF($U18=$H$30,$G$30,IF($U18=$H$31,$G$31,IF($U18=$H$32,$G$32,IF($U18=$H$33,$G$33,IF($U18=$H$34,$G$34,""))))))))))))))&" "&(IF($U18=$H$21,"(A)",IF($U18=$H$22,"(B)",IF($U18=$H$23,"(C)",IF($U18=$H$24,"(D)",IF($U18=$H$25,"(E)",IF($U18=$H$26,"(F)",IF($U18=$H$27,"(G)",IF($U18=$H$28,"(H)",IF($U18=$H$29,"(I)",IF($U18=$H$30,"(J)",IF($U18=$H$31,"(K)",IF($U18=$H$32,"(L)",IF($U18=$H$33,"(M)",IF($U18=$H$34,"(N)","")))))))))))))))) | AI18: =CONCATENATE(IF($U18=$L$21,$K$21,IF($U18=$L$22,$K$22,IF($U18=$L$23,$K$23,IF($U18=$L$24,$K$24,IF($U18=$L$25,$K$25,IF($U18=$L$26,$K$26,IF($U18=$L$27,$K$27,IF($U18=$L$28,$K$28,IF($U18=$L$29,$K$29,IF($U18=$L$30,$K$30,IF($U18=$L$31,$K$31,IF($U18=$L$32,$K$32,IF($U18=$L$33,$K$33,IF($U18=$L$34,$K$34,""))))))))))))))&" "&IF($U18=$L$21,"(A)",IF($U18=$L$22,"(B)",IF($U18=$L$23,"(C)",IF($U18=$L$24,"(D)",IF($U18=$L$25,"(E)",IF($U18=$L$26,"(F)",IF($U18=$L$27,"(G)",IF($U18=$L$28,"(H)",IF($U18=$L$29,"(I)",IF($U18=$L$30,"(J)",IF($U18=$L$31,"(K)",IF($U18=$L$32,"(L)",IF($U18=$L$33,"(M)",IF($U18=$L$34,"(N)",""))))))))))))))) | AJ18: =CONCATENATE(IF($U18=$N$21,$M$21,IF($U18=$N$22,$M$22,IF($U18=$N$23,$M$23,IF($U18=$N$24,$M$24,IF($U18=$N$25,$M$25,IF($U18=$N$26,$M$26,IF($U18=$N$27,$M$27,IF($U18=$N$28,$M$28,IF($U18=$N$29,$M$29,IF($U18=$N$30,$M$30,IF($U18=$N$31,$M$31,IF($U18=$N$32,$M$32,IF($U18=$N$33,$M$33,IF($U18=$N$34,$M$34,""))))))))))))))&" "&(IF($U18=$N$21,"(A)",IF($U18=$N$22,"(B)",IF($U18=$N$23,"(C)",IF($U18=$N$24,"(D)",IF($U18=$N$25,"(E)",IF($U18=$N$26,"(F)",IF($U18=$N$27,"(G)",IF($U18=$N$28,"(H)",IF($U18=$N$29,"(I)",IF($U18=$N$30,"(J)",IF($U18=$N$31,"(K)",IF($U18=$N$32,"(L)",IF($U18=$N$33,"(M)",IF($U18=$N$34,"(N)","")))))))))))))))) | AK18: =CONCATENATE(IF($U18=$F$37,$E$37,IF($U18=$F$38,$E$38,IF($U18=$F$39,$E$39,IF($U18=$F$40,$E$40,IF($U18=$F$41,$E$41,IF($U18=$F$42,$E$42,IF($U18=$F$43,$E$43,IF($U18=$F$44,$E$44,IF($U18=$F$45,$E$45,IF($U18=$F$46,$E$46,IF($U18=$F$47,$E$47,IF($U18=$F$48,$E$48,IF($U18=$F$49,$E$49,IF($U18=$F$50,$E$50,IF($U18=$F$51,$E$51,""))))))))))))))&" "&IF($U18=$F$38,"(A)",IF($U18=$F$39,"(B)",IF($U18=$F$40,"(C)",IF($U18=$F$41,"(D)",IF($U18=$F$42,"(E)",IF($U18=$F$43,"(F)",IF($U18=$F$44,"(G)",IF($U18=$F$45,"(H)",IF($U18=$F$46,"(I)",IF($U18=$F$47,"(J)",IF($U18=$F$48,"(K)",IF($U18=$F$49,"(L)",IF($U18=$F$50,"(M)",IF($U18=$F$51,"(N)","")))))))))))))))) -> BT (I) | AL18: =CONCATENATE(IF($U18=$H$37,$G$37,IF($U18=$H$38,$G$38,IF($U18=$H$39,$G$39,IF($U18=$H$40,$G$40,IF($U18=$H$41,$G$41,IF($U18=$H$42,$G$42,IF($U18=$H$43,$G$43,IF($U18=$H$44,$G$44,IF($U18=$H$45,$G$45,IF($U18=$H$46,$G$46,IF($U18=$H$47,$G$47,IF($U18=$H$48,$G$48,IF($U18=$H$49,$G$49,IF($U18=$H$50,$G$50,IF($U18=$H$51,$G$51,"")))))))))))))))&" "&IF($U18=$H$38,"(A)",IF($U18=$H$39,"(B)",IF($U18=$H$40,"(C)",IF($U18=$H$41,"(D)",IF($U18=$H$42,"(E)",IF($U18=$H$43,"(F)",IF($U18=$H$44,"(G)",IF($U18=$H$45,"(H)",IF($U18=$H$46,"(I)",IF($U18=$H$47,"(J)",IF($U18=$H$48,"(K)",IF($U18=$H$49,"(L)",IF($U18=$H$50,"(M)",IF($U18=$H$51,"(N)",""))))))))))))))) -> BT (N) | AM18: =CONCATENATE(IF($U18=$L$37,$K$37,IF($U18=$L$38,$K$38,IF($U18=$L$39,$K$39,IF($U18=$L$40,$K$40,IF($U18=$L$41,$K$41,IF($U18=$L$42,$K$42,IF($U18=$L$43,$K$43,IF($U18=$L$44,$K$44,IF($U18=$L$45,$K$45,IF($U18=$L$46,$K$46,IF($U18=$L$47,$K$47,IF($U18=$L$48,$K$48,IF($U18=$L$49,$K$49,IF($U18=$L$50,$K$50,IF($U18=$L$51,$K$51,"")))))))))))))))&" "&IF($U18=$L$38,"(A)",IF($U18=$L$39,"(B)",IF($U18=$L$40,"(C)",IF($U18=$L$41,"(D)",IF($U18=$L$42,"(E)",IF($U18=$L$43,"(F)",IF($U18=$L$44,"(G)",IF($U18=$L$45,"(H)",IF($U18=$L$46,"(I)",IF($U18=$L$47,"(J)",IF($U18=$L$48,"(K)",IF($U18=$L$49,"(L)",IF($U18=$L$50,"(M)",IF($U18=$L$51,"(N)",""))))))))))))))) -> BT (E) | AN18: =CONCATENATE(IF($U18=$N$37,$M$37,IF($U18=$N$38,$M$38,IF($U18=$N$39,$M$39,IF($U18=$N$40,$M$40,IF($U18=$N$41,$M$41,IF($U18=$N$42,$M$42,IF($U18=$N$43,$M$43,IF($U18=$N$44,$M$44,IF($U18=$N$45,$M$45,IF($U18=$N$46,$M$46,IF($U18=$N$47,$M$47,IF($U18=$N$48,$M$48,IF($U18=$N$49,$M$49,IF($U18=$N$50,$M$50,IF($U18=$N$51,$M$51,"")))))))))))))))&" "&IF($U18=$N$38,"(A)",IF($U18=$N$39,"(B)",IF($U18=$N$40,"(C)",IF($U18=$N$41,"(D)",IF($U18=$N$42,"(E)",IF($U18=$N$43,"(F)",IF($U18=$N$44,"(G)",IF($U18=$N$45,"(H)",IF($U18=$N$46,"(I)",IF($U18=$N$47,"(J)",IF($U18=$N$48,"(K)",IF($U18=$N$49,"(L)",IF($U18=$N$50,"(M)",IF($U18=$N$51,"(N)","")))))))))))))))
B19: BAJ | C19: B | E19: CS | G19: PMR | H19: (NJ) | K19: DP | L19: (AMJ) | M19: STCI | U19: (KM) | V19: =SUM(COUNTIF($E$5:$N$55,U19),IF(T19<>0,COUNTIF($E$5:$N$55,T19),0),IF(S19<>0,COUNTIF($E$5:$N$55,S19),0)) -> 4 | X19: =U19 -> (KM) | Y19: =SUM((COUNTIF($E$5:$F$55,$U19)),IF($T19<>0,(COUNTIF($E$5:$F$55,$T19))),IF($S19<>0,(COUNTIF($E$5:$F$55,$S19)))) -> 1 | Z19: =SUM(COUNTIF($G$5:$J$55,$U19),IF($T19<>0,(COUNTIF($G$5:$J$55,$T19))),IF($S19<>0,(COUNTIF($G$5:$J$55,$S19)))) -> 1 | AA19: =SUM(COUNTIF($K$5:$L$55,$U19),IF($T19<>0,(COUNTIF($K$5:$L$55,$T19))),IF($S19<>0,(COUNTIF($K$5:$L$55,$S19)))) -> 1 | AB19: =SUM(COUNTIF($M$5:$N$55,$U19),IF($T19<>0,(COUNTIF($M$5:$N$55,$T19))),IF($S19<>0,(COUNTIF($M$5:$N$55,$S19)))) -> 1 | AC19: =CONCATENATE(IF($U19=$F$5,$E$5,IF($U19=$F$6,$E$6,IF($U19=$F$7,$E$7,IF($U19=$F$8,$E$8,IF($U19=$F$9,$E$9,IF($U19=$F$10,$E$10,IF($U19=$F$11,$E$11,IF($U19=$F$12,$E$12,IF($U19=$F$13,$E$13,IF($U19=$F$14,$E$14,IF($U19=$F$15,$E$15,IF($U19=$F$16,$E$16,IF($U19=$F$17,$E$17,"")))))))))))))&" "&IF($U19=$F$5,"(A)",IF($U19=$F$6,"(B)",IF($U19=$F$7,"(C)",IF($U19=$F$8,"(D)",IF($U19=$F$9,"(E)",IF($U19=$F$10,"(F)",IF($U19=$F$11,"(G)",IF($U19=$F$12,"(H)",IF($U19=$F$13,"(I)",IF($U19=$F$14,"(J)",IF($U19=$F$15,"(K)",IF($U19=$F$16,"(L)",IF($U19=$F$17,"(L)","")))))))))))))) | AD19: =CONCATENATE(IF($U19=$H$5,$G$5,IF($U19=$H$6,$G$6,IF($U19=$H$7,$G$7,IF($U19=$H$8,$G$8,IF($U19=$H$9,$G$9,IF($U19=$H$10,$G$10,IF($U19=$H$11,$G$11,IF($U19=$H$12,$G$12,IF($U19=$H$13,$G$13,IF($U19=$H$14,$G$14,IF($U19=$H$15,$G$15,IF($U19=$H$16,$G$16,IF($U19=$H$17,$G$17,"")))))))))))))&" "&IF($U19=$H$5,"(A)",IF($U19=$H$6,"(B)",IF($U19=$H$7,"(C)",IF($U19=$H$8,"(D)",IF($U19=$H$9,"(E)",IF($U19=$H$10,"(F)",IF($U19=$H$11,"(G)",IF($U19=$H$12,"(H)",IF($U19=$H$13,"(I)",IF($U19=$H$14,"(J)",IF($U19=$H$15,"(K)",IF($U19=$H$16,"(L)",IF($U19=$H$17,"(L)","")))))))))))))) -> CB (J) | AE19: =CONCATENATE(IF($U19=$L$5,$K$5,IF($U19=$L$6,$K$6,IF($U19=$L$7,$K$7,IF($U19=$L$8,$K$8,IF($U19=$L$9,$K$9,IF($U19=$L$10,$K$10,IF($U19=$L$11,$K$11,IF($U19=$L$12,$K$12,IF($U19=$L$13,$K$13,IF($U19=$L$14,$K$14,IF($U19=$L$15,$K$15,IF($U19=$L$16,$K$16,IF($U19=$L$17,$K$17,"")))))))))))))&" "&IF($U19=$L$5,"(A)",IF($U19=$L$6,"(B)",IF($U19=$L$7,"(C)",IF($U19=$L$8,"(D)",IF($U19=$L$9,"(E)",IF($U19=$L$10,"(F)",IF($U19=$L$11,"(G)",IF($U19=$L$12,"(H)",IF($U19=$L$13,"(I)",IF($U19=$L$14,"(J)",IF($U19=$L$15,"(K)",IF($U19=$L$16,"(L)",IF($U19=$L$17,"(L)","")))))))))))))) | AF19: =CONCATENATE(IF($U19=$N$5,$M$5,IF($U19=$N$6,$M$6,IF($U19=$N$7,$M$7,IF($U19=$N$8,$M$8,IF($U19=$N$9,$M$9,IF($U19=$N$10,$M$10,IF($U19=$N$11,$M$11,IF($U19=$N$12,$M$12,IF($U19=$N$13,$M$13,IF($U19=$N$14,$M$14,IF($U19=$N$15,$M$15,IF($U19=$N$16,$M$16,IF($U19=$N$17,$M$17,"")))))))))))))&" "&(IF($U19=$N$5,"(A)",IF($U19=$N$6,"(B)",IF($U19=$N$7,"(C)",IF($U19=$N$8,"(D)",IF($U19=$N$9,"(E)",IF($U19=$N$10,"(F)",IF($U19=$N$11,"(G)",IF($U19=$N$12,"(H)",IF($U19=$N$13,"(I)",IF($U19=$N$14,"(J)",IF($U19=$N$15,"(K)",IF($U19=$N$16,"(L)",IF($U19=$N$17,"(L)",""))))))))))))))) -> CB (G) | AG19: =CONCATENATE(IF($U19=$F$21,$E$21,IF($U19=$F$22,$E$22,IF($U19=$F$23,$E$23,IF($U19=$F$24,$E$24,IF($U19=$F$25,$E$25,IF($U19=$F$26,$E$26,IF($U19=$F$27,$E$27,IF($U19=$F$28,$E$28,IF($U19=$F$29,$E$29,IF($U19=$F$30,$E$30,IF($U19=$F$31,$E$31,IF($U19=$F$32,$E$32,IF($U19=$F$33,$E$33,IF($U19=$F$34,$E$34,"")))))))))))))&" "&(IF($U19=$F$21,"(A)",IF($U19=$F$22,"(B)",IF($U19=$F$23,"(C)",IF($U19=$F$24,"(D)",IF($U19=$F$25,"(E)",IF($U19=$F$26,"(F)",IF($U19=$F$27,"(G)",IF($U19=$F$28,"(H)",IF($U19=$F$29,"(I)",IF($U19=$F$30,"(J)",IF($U19=$D$63,"(K)",IF($U19=$F$32,"(L)",IF($U19=$F$33,"(M)",IF($U19=$F$34,"(N)",""))))))))))))))))) -> MM | AH19: =CONCATENATE(IF($U19=$H$21,$G$21,IF($U19=$H$22,$G$22,IF($U19=$H$23,$G$23,IF($U19=$H$24,$G$24,IF($U19=$H$25,$G$25,IF($U19=$H$26,$G$26,IF($U19=$H$27,$G$27,IF($U19=$H$28,$G$28,IF($U19=$H$29,$G$29,IF($U19=$H$30,$G$30,IF($U19=$H$31,$G$31,IF($U19=$H$32,$G$32,IF($U19=$H$33,$G$33,IF($U19=$H$34,$G$34,""))))))))))))))&" "&(IF($U19=$H$21,"(A)",IF($U19=$H$22,"(B)",IF($U19=$H$23,"(C)",IF($U19=$H$24,"(D)",IF($U19=$H$25,"(E)",IF($U19=$H$26,"(F)",IF($U19=$H$27,"(G)",IF($U19=$H$28,"(H)",IF($U19=$H$29,"(I)",IF($U19=$H$30,"(J)",IF($U19=$H$31,"(K)",IF($U19=$H$32,"(L)",IF($U19=$H$33,"(M)",IF($U19=$H$34,"(N)","")))))))))))))))) | AI19: =CONCATENATE(IF($U19=$L$21,$K$21,IF($U19=$L$22,$K$22,IF($U19=$L$23,$K$23,IF($U19=$L$24,$K$24,IF($U19=$L$25,$K$25,IF($U19=$L$26,$K$26,IF($U19=$L$27,$K$27,IF($U19=$L$28,$K$28,IF($U19=$L$29,$K$29,IF($U19=$L$30,$K$30,IF($U19=$L$31,$K$31,IF($U19=$L$32,$K$32,IF($U19=$L$33,$K$33,IF($U19=$L$34,$K$34,""))))))))))))))&" "&IF($U19=$L$21,"(A)",IF($U19=$L$22,"(B)",IF($U19=$L$23,"(C)",IF($U19=$L$24,"(D)",IF($U19=$L$25,"(E)",IF($U19=$L$26,"(F)",IF($U19=$L$27,"(G)",IF($U19=$L$28,"(H)",IF($U19=$L$29,"(I)",IF($U19=$L$30,"(J)",IF($U19=$L$31,"(K)",IF($U19=$L$32,"(L)",IF($U19=$L$33,"(M)",IF($U19=$L$34,"(N)",""))))))))))))))) -> MM (N) | AJ19: =CONCATENATE(IF($U19=$N$21,$M$21,IF($U19=$N$22,$M$22,IF($U19=$N$23,$M$23,IF($U19=$N$24,$M$24,IF($U19=$N$25,$M$25,IF($U19=$N$26,$M$26,IF($U19=$N$27,$M$27,IF($U19=$N$28,$M$28,IF($U19=$N$29,$M$29,IF($U19=$N$30,$M$30,IF($U19=$N$31,$M$31,IF($U19=$N$32,$M$32,IF($U19=$N$33,$M$33,IF($U19=$N$34,$M$34,""))))))))))))))&" "&(IF($U19=$N$21,"(A)",IF($U19=$N$22,"(B)",IF($U19=$N$23,"(C)",IF($U19=$N$24,"(D)",IF($U19=$N$25,"(E)",IF($U19=$N$26,"(F)",IF($U19=$N$27,"(G)",IF($U19=$N$28,"(H)",IF($U19=$N$29,"(I)",IF($U19=$N$30,"(J)",IF($U19=$N$31,"(K)",IF($U19=$N$32,"(L)",IF($U19=$N$33,"(M)",IF($U19=$N$34,"(N)","")))))))))))))))) | AK19: =CONCATENATE(IF($U19=$F$37,$E$37,IF($U19=$F$38,$E$38,IF($U19=$F$39,$E$39,IF($U19=$F$40,$E$40,IF($U19=$F$41,$E$41,IF($U19=$F$42,$E$42,IF($U19=$F$43,$E$43,IF($U19=$F$44,$E$44,IF($U19=$F$45,$E$45,IF($U19=$F$46,$E$46,IF($U19=$F$47,$E$47,IF($U19=$F$48,$E$48,IF($U19=$F$49,$E$49,IF($U19=$F$50,$E$50,IF($U19=$F$51,$E$51,""))))))))))))))&" "&IF($U19=$F$38,"(A)",IF($U19=$F$39,"(B)",IF($U19=$F$40,"(C)",IF($U19=$F$41,"(D)",IF($U19=$F$42,"(E)",IF($U19=$F$43,"(F)",IF($U19=$F$44,"(G)",IF($U19=$F$45,"(H)",IF($U19=$F$46,"(I)",IF($U19=$F$47,"(J)",IF($U19=$F$48,"(K)",IF($U19=$F$49,"(L)",IF($U19=$F$50,"(M)",IF($U19=$F$51,"(N)","")))))))))))))))) | AL19: =CONCATENATE(IF($U19=$H$37,$G$37,IF($U19=$H$38,$G$38,IF($U19=$H$39,$G$39,IF($U19=$H$40,$G$40,IF($U19=$H$41,$G$41,IF($U19=$H$42,$G$42,IF($U19=$H$43,$G$43,IF($U19=$H$44,$G$44,IF($U19=$H$45,$G$45,IF($U19=$H$46,$G$46,IF($U19=$H$47,$G$47,IF($U19=$H$48,$G$48,IF($U19=$H$49,$G$49,IF($U19=$H$50,$G$50,IF($U19=$H$51,$G$51,"")))))))))))))))&" "&IF($U19=$H$38,"(A)",IF($U19=$H$39,"(B)",IF($U19=$H$40,"(C)",IF($U19=$H$41,"(D)",IF($U19=$H$42,"(E)",IF($U19=$H$43,"(F)",IF($U19=$H$44,"(G)",IF($U19=$H$45,"(H)",IF($U19=$H$46,"(I)",IF($U19=$H$47,"(J)",IF($U19=$H$48,"(K)",IF($U19=$H$49,"(L)",IF($U19=$H$50,"(M)",IF($U19=$H$51,"(N)",""))))))))))))))) | AM19: =CONCATENATE(IF($U19=$L$37,$K$37,IF($U19=$L$38,$K$38,IF($U19=$L$39,$K$39,IF($U19=$L$40,$K$40,IF($U19=$L$41,$K$41,IF($U19=$L$42,$K$42,IF($U19=$L$43,$K$43,IF($U19=$L$44,$K$44,IF($U19=$L$45,$K$45,IF($U19=$L$46,$K$46,IF($U19=$L$47,$K$47,IF($U19=$L$48,$K$48,IF($U19=$L$49,$K$49,IF($U19=$L$50,$K$50,IF($U19=$L$51,$K$51,"")))))))))))))))&" "&IF($U19=$L$38,"(A)",IF($U19=$L$39,"(B)",IF($U19=$L$40,"(C)",IF($U19=$L$41,"(D)",IF($U19=$L$42,"(E)",IF($U19=$L$43,"(F)",IF($U19=$L$44,"(G)",IF($U19=$L$45,"(H)",IF($U19=$L$46,"(I)",IF($U19=$L$47,"(J)",IF($U19=$L$48,"(K)",IF($U19=$L$49,"(L)",IF($U19=$L$50,"(M)",IF($U19=$L$51,"(N)",""))))))))))))))) | AN19: =CONCATENATE(IF($U19=$N$37,$M$37,IF($U19=$N$38,$M$38,IF($U19=$N$39,$M$39,IF($U19=$N$40,$M$40,IF($U19=$N$41,$M$41,IF($U19=$N$42,$M$42,IF($U19=$N$43,$M$43,IF($U19=$N$44,$M$44,IF($U19=$N$45,$M$45,IF($U19=$N$46,$M$46,IF($U19=$N$47,$M$47,IF($U19=$N$48,$M$48,IF($U19=$N$49,$M$49,IF($U19=$N$50,$M$50,IF($U19=$N$51,$M$51,"")))))))))))))))&" "&IF($U19=$N$38,"(A)",IF($U19=$N$39,"(B)",IF($U19=$N$40,"(C)",IF($U19=$N$41,"(D)",IF($U19=$N$42,"(E)",IF($U19=$N$43,"(F)",IF($U19=$N$44,"(G)",IF($U19=$N$45,"(H)",IF($U19=$N$46,"(I)",IF($U19=$N$47,"(J)",IF($U19=$N$48,"(K)",IF($U19=$N$49,"(L)",IF($U19=$N$50,"(M)",IF($U19=$N$51,"(N)","")))))))))))))))
A20: Semester | C20: Section | E20: 8:30-9:20 | G20: 9:30-10:20 | I20: 10:20-10:50 | K20: 10:50-11:40 | M20: 11:50-12:40 | U20: (KR) | V20: =SUM(COUNTIF($E$5:$N$55,U20),IF(T20<>0,COUNTIF($E$5:$N$55,T20),0),IF(S20<>0,COUNTIF($E$5:$N$55,S20),0)) -> 3 | X20: =U20 -> (KR) | Y20: =SUM((COUNTIF($E$5:$F$55,$U20)),IF($T20<>0,(COUNTIF($E$5:$F$55,$T20))),IF($S20<>0,(COUNTIF($E$5:$F$55,$S20)))) -> 1 | Z20: =SUM(COUNTIF($G$5:$J$55,$U20),IF($T20<>0,(COUNTIF($G$5:$J$55,$T20))),IF($S20<>0,(COUNTIF($G$5:$J$55,$S20)))) -> 1 | AA20: =SUM(COUNTIF($K$5:$L$55,$U20),IF($T20<>0,(COUNTIF($K$5:$L$55,$T20))),IF($S20<>0,(COUNTIF($K$5:$L$55,$S20)))) -> 0 | AB20: =SUM(COUNTIF($M$5:$N$55,$U20),IF($T20<>0,(COUNTIF($M$5:$N$55,$T20))),IF($S20<>0,(COUNTIF($M$5:$N$55,$S20)))) -> 1 | AC20: =CONCATENATE(IF($U20=$F$5,$E$5,IF($U20=$F$6,$E$6,IF($U20=$F$7,$E$7,IF($U20=$F$8,$E$8,IF($U20=$F$9,$E$9,IF($U20=$F$10,$E$10,IF($U20=$F$11,$E$11,IF($U20=$F$12,$E$12,IF($U20=$F$13,$E$13,IF($U20=$F$14,$E$14,IF($U20=$F$15,$E$15,IF($U20=$F$16,$E$16,IF($U20=$F$17,$E$17,"")))))))))))))&" "&IF($U20=$F$5,"(A)",IF($U20=$F$6,"(B)",IF($U20=$F$7,"(C)",IF($U20=$F$8,"(D)",IF($U20=$F$9,"(E)",IF($U20=$F$10,"(F)",IF($U20=$F$11,"(G)",IF($U20=$F$12,"(H)",IF($U20=$F$13,"(I)",IF($U20=$F$14,"(J)",IF($U20=$F$15,"(K)",IF($U20=$F$16,"(L)",IF($U20=$F$17,"(L)","")))))))))))))) -> MA (A) | AD20: =CONCATENATE(IF($U20=$H$5,$G$5,IF($U20=$H$6,$G$6,IF($U20=$H$7,$G$7,IF($U20=$H$8,$G$8,IF($U20=$H$9,$G$9,IF($U20=$H$10,$G$10,IF($U20=$H$11,$G$11,IF($U20=$H$12,$G$12,IF($U20=$H$13,$G$13,IF($U20=$H$14,$G$14,IF($U20=$H$15,$G$15,IF($U20=$H$16,$G$16,IF($U20=$H$17,$G$17,"")))))))))))))&" "&IF($U20=$H$5,"(A)",IF($U20=$H$6,"(B)",IF($U20=$H$7,"(C)",IF($U20=$H$8,"(D)",IF($U20=$H$9,"(E)",IF($U20=$H$10,"(F)",IF($U20=$H$11,"(G)",IF($U20=$H$12,"(H)",IF($U20=$H$13,"(I)",IF($U20=$H$14,"(J)",IF($U20=$H$15,"(K)",IF($U20=$H$16,"(L)",IF($U20=$H$17,"(L)","")))))))))))))) -> MA (E) | AE20: =CONCATENATE(IF($U20=$L$5,$K$5,IF($U20=$L$6,$K$6,IF($U20=$L$7,$K$7,IF($U20=$L$8,$K$8,IF($U20=$L$9,$K$9,IF($U20=$L$10,$K$10,IF($U20=$L$11,$K$11,IF($U20=$L$12,$K$12,IF($U20=$L$13,$K$13,IF($U20=$L$14,$K$14,IF($U20=$L$15,$K$15,IF($U20=$L$16,$K$16,IF($U20=$L$17,$K$17,"")))))))))))))&" "&IF($U20=$L$5,"(A)",IF($U20=$L$6,"(B)",IF($U20=$L$7,"(C)",IF($U20=$L$8,"(D)",IF($U20=$L$9,"(E)",IF($U20=$L$10,"(F)",IF($U20=$L$11,"(G)",IF($U20=$L$12,"(H)",IF($U20=$L$13,"(I)",IF($U20=$L$14,"(J)",IF($U20=$L$15,"(K)",IF($U20=$L$16,"(L)",IF($U20=$L$17,"(L)","")))))))))))))) | AF20: =CONCATENATE(IF($U20=$N$5,$M$5,IF($U20=$N$6,$M$6,IF($U20=$N$7,$M$7,IF($U20=$N$8,$M$8,IF($U20=$N$9,$M$9,IF($U20=$N$10,$M$10,IF($U20=$N$11,$M$11,IF($U20=$N$12,$M$12,IF($U20=$N$13,$M$13,IF($U20=$N$14,$M$14,IF($U20=$N$15,$M$15,IF($U20=$N$16,$M$16,IF($U20=$N$17,$M$17,"")))))))))))))&" "&(IF($U20=$N$5,"(A)",IF($U20=$N$6,"(B)",IF($U20=$N$7,"(C)",IF($U20=$N$8,"(D)",IF($U20=$N$9,"(E)",IF($U20=$N$10,"(F)",IF($U20=$N$11,"(G)",IF($U20=$N$12,"(H)",IF($U20=$N$13,"(I)",IF($U20=$N$14,"(J)",IF($U20=$N$15,"(K)",IF($U20=$N$16,"(L)",IF($U20=$N$17,"(L)",""))))))))))))))) | AG20: =CONCATENATE(IF($U20=$F$21,$E$21,IF($U20=$F$22,$E$22,IF($U20=$F$23,$E$23,IF($U20=$F$24,$E$24,IF($U20=$F$25,$E$25,IF($U20=$F$26,$E$26,IF($U20=$F$27,$E$27,IF($U20=$F$28,$E$28,IF($U20=$F$29,$E$29,IF($U20=$F$30,$E$30,IF($U20=$F$31,$E$31,IF($U20=$F$32,$E$32,IF($U20=$F$33,$E$33,IF($U20=$F$34,$E$34,"")))))))))))))&" "&(IF($U20=$F$21,"(A)",IF($U20=$F$22,"(B)",IF($U20=$F$23,"(C)",IF($U20=$F$24,"(D)",IF($U20=$F$25,"(E)",IF($U20=$F$26,"(F)",IF($U20=$F$27,"(G)",IF($U20=$F$28,"(H)",IF($U20=$F$29,"(I)",IF($U20=$F$30,"(J)",IF($U20=$D$63,"(K)",IF($U20=$F$32,"(L)",IF($U20=$F$33,"(M)",IF($U20=$F$34,"(N)",""))))))))))))))))) | AH20: =CONCATENATE(IF($U20=$H$21,$G$21,IF($U20=$H$22,$G$22,IF($U20=$H$23,$G$23,IF($U20=$H$24,$G$24,IF($U20=$H$25,$G$25,IF($U20=$H$26,$G$26,IF($U20=$H$27,$G$27,IF($U20=$H$28,$G$28,IF($U20=$H$29,$G$29,IF($U20=$H$30,$G$30,IF($U20=$H$31,$G$31,IF($U20=$H$32,$G$32,IF($U20=$H$33,$G$33,IF($U20=$H$34,$G$34,""))))))))))))))&" "&(IF($U20=$H$21,"(A)",IF($U20=$H$22,"(B)",IF($U20=$H$23,"(C)",IF($U20=$H$24,"(D)",IF($U20=$H$25,"(E)",IF($U20=$H$26,"(F)",IF($U20=$H$27,"(G)",IF($U20=$H$28,"(H)",IF($U20=$H$29,"(I)",IF($U20=$H$30,"(J)",IF($U20=$H$31,"(K)",IF($U20=$H$32,"(L)",IF($U20=$H$33,"(M)",IF($U20=$H$34,"(N)","")))))))))))))))) | AI20: =CONCATENATE(IF($U20=$L$21,$K$21,IF($U20=$L$22,$K$22,IF($U20=$L$23,$K$23,IF($U20=$L$24,$K$24,IF($U20=$L$25,$K$25,IF($U20=$L$26,$K$26,IF($U20=$L$27,$K$27,IF($U20=$L$28,$K$28,IF($U20=$L$29,$K$29,IF($U20=$L$30,$K$30,IF($U20=$L$31,$K$31,IF($U20=$L$32,$K$32,IF($U20=$L$33,$K$33,IF($U20=$L$34,$K$34,""))))))))))))))&" "&IF($U20=$L$21,"(A)",IF($U20=$L$22,"(B)",IF($U20=$L$23,"(C)",IF($U20=$L$24,"(D)",IF($U20=$L$25,"(E)",IF($U20=$L$26,"(F)",IF($U20=$L$27,"(G)",IF($U20=$L$28,"(H)",IF($U20=$L$29,"(I)",IF($U20=$L$30,"(J)",IF($U20=$L$31,"(K)",IF($U20=$L$32,"(L)",IF($U20=$L$33,"(M)",IF($U20=$L$34,"(N)",""))))))))))))))) | AJ20: =CONCATENATE(IF($U20=$N$21,$M$21,IF($U20=$N$22,$M$22,IF($U20=$N$23,$M$23,IF($U20=$N$24,$M$24,IF($U20=$N$25,$M$25,IF($U20=$N$26,$M$26,IF($U20=$N$27,$M$27,IF($U20=$N$28,$M$28,IF($U20=$N$29,$M$29,IF($U20=$N$30,$M$30,IF($U20=$N$31,$M$31,IF($U20=$N$32,$M$32,IF($U20=$N$33,$M$33,IF($U20=$N$34,$M$34,""))))))))))))))&" "&(IF($U20=$N$21,"(A)",IF($U20=$N$22,"(B)",IF($U20=$N$23,"(C)",IF($U20=$N$24,"(D)",IF($U20=$N$25,"(E)",IF($U20=$N$26,"(F)",IF($U20=$N$27,"(G)",IF($U20=$N$28,"(H)",IF($U20=$N$29,"(I)",IF($U20=$N$30,"(J)",IF($U20=$N$31,"(K)",IF($U20=$N$32,"(L)",IF($U20=$N$33,"(M)",IF($U20=$N$34,"(N)","")))))))))))))))) -> CA (G) | AK20: =CONCATENATE(IF($U20=$F$37,$E$37,IF($U20=$F$38,$E$38,IF($U20=$F$39,$E$39,IF($U20=$F$40,$E$40,IF($U20=$F$41,$E$41,IF($U20=$F$42,$E$42,IF($U20=$F$43,$E$43,IF($U20=$F$44,$E$44,IF($U20=$F$45,$E$45,IF($U20=$F$46,$E$46,IF($U20=$F$47,$E$47,IF($U20=$F$48,$E$48,IF($U20=$F$49,$E$49,IF($U20=$F$50,$E$50,IF($U20=$F$51,$E$51,""))))))))))))))&" "&IF($U20=$F$38,"(A)",IF($U20=$F$39,"(B)",IF($U20=$F$40,"(C)",IF($U20=$F$41,"(D)",IF($U20=$F$42,"(E)",IF($U20=$F$43,"(F)",IF($U20=$F$44,"(G)",IF($U20=$F$45,"(H)",IF($U20=$F$46,"(I)",IF($U20=$F$47,"(J)",IF($U20=$F$48,"(K)",IF($U20=$F$49,"(L)",IF($U20=$F$50,"(M)",IF($U20=$F$51,"(N)","")))))))))))))))) | AL20: =CONCATENATE(IF($U20=$H$37,$G$37,IF($U20=$H$38,$G$38,IF($U20=$H$39,$G$39,IF($U20=$H$40,$G$40,IF($U20=$H$41,$G$41,IF($U20=$H$42,$G$42,IF($U20=$H$43,$G$43,IF($U20=$H$44,$G$44,IF($U20=$H$45,$G$45,IF($U20=$H$46,$G$46,IF($U20=$H$47,$G$47,IF($U20=$H$48,$G$48,IF($U20=$H$49,$G$49,IF($U20=$H$50,$G$50,IF($U20=$H$51,$G$51,"")))))))))))))))&" "&IF($U20=$H$38,"(A)",IF($U20=$H$39,"(B)",IF($U20=$H$40,"(C)",IF($U20=$H$41,"(D)",IF($U20=$H$42,"(E)",IF($U20=$H$43,"(F)",IF($U20=$H$44,"(G)",IF($U20=$H$45,"(H)",IF($U20=$H$46,"(I)",IF($U20=$H$47,"(J)",IF($U20=$H$48,"(K)",IF($U20=$H$49,"(L)",IF($U20=$H$50,"(M)",IF($U20=$H$51,"(N)",""))))))))))))))) | AM20: =CONCATENATE(IF($U20=$L$37,$K$37,IF($U20=$L$38,$K$38,IF($U20=$L$39,$K$39,IF($U20=$L$40,$K$40,IF($U20=$L$41,$K$41,IF($U20=$L$42,$K$42,IF($U20=$L$43,$K$43,IF($U20=$L$44,$K$44,IF($U20=$L$45,$K$45,IF($U20=$L$46,$K$46,IF($U20=$L$47,$K$47,IF($U20=$L$48,$K$48,IF($U20=$L$49,$K$49,IF($U20=$L$50,$K$50,IF($U20=$L$51,$K$51,"")))))))))))))))&" "&IF($U20=$L$38,"(A)",IF($U20=$L$39,"(B)",IF($U20=$L$40,"(C)",IF($U20=$L$41,"(D)",IF($U20=$L$42,"(E)",IF($U20=$L$43,"(F)",IF($U20=$L$44,"(G)",IF($U20=$L$45,"(H)",IF($U20=$L$46,"(I)",IF($U20=$L$47,"(J)",IF($U20=$L$48,"(K)",IF($U20=$L$49,"(L)",IF($U20=$L$50,"(M)",IF($U20=$L$51,"(N)",""))))))))))))))) | AN20: =CONCATENATE(IF($U20=$N$37,$M$37,IF($U20=$N$38,$M$38,IF($U20=$N$39,$M$39,IF($U20=$N$40,$M$40,IF($U20=$N$41,$M$41,IF($U20=$N$42,$M$42,IF($U20=$N$43,$M$43,IF($U20=$N$44,$M$44,IF($U20=$N$45,$M$45,IF($U20=$N$46,$M$46,IF($U20=$N$47,$M$47,IF($U20=$N$48,$M$48,IF($U20=$N$49,$M$49,IF($U20=$N$50,$M$50,IF($U20=$N$51,$M$51,"")))))))))))))))&" "&IF($U20=$N$38,"(A)",IF($U20=$N$39,"(B)",IF($U20=$N$40,"(C)",IF($U20=$N$41,"(D)",IF($U20=$N$42,"(E)",IF($U20=$N$43,"(F)",IF($U20=$N$44,"(G)",IF($U20=$N$45,"(H)",IF($U20=$N$46,"(I)",IF($U20=$N$47,"(J)",IF($U20=$N$48,"(K)",IF($U20=$N$49,"(L)",IF($U20=$N$50,"(M)",IF($U20=$N$51,"(N)","")))))))))))))))
A21: 3 | B21: CM+OP | C21: A | E21: =_xlfn.XLOOKUP(F21, $A$88:$A$95, $B$88:$B$95, "Training") -> MM | F21: (KM) | G21: =_xlfn.XLOOKUP(H21, $A$88:$A$95, $B$88:$B$95, "Training") -> ED | H21: (YL) | I21: BREAK | K21: =_xlfn.XLOOKUP(L21, $A$88:$A$95, $B$88:$B$95, "Training") -> EVS | L21: (SUH) | M21: =_xlfn.XLOOKUP(N21, $A$88:$A$95, $B$88:$B$95, "Training") -> CA | N21: (RG) | U21: (LK) | V21: =SUM(COUNTIF($E$5:$N$55,U21),IF(T21<>0,COUNTIF($E$5:$N$55,T21),0),IF(S21<>0,COUNTIF($E$5:$N$55,S21),0)) -> 3 | X21: =U21 -> (LK) | Y21: =SUM((COUNTIF($E$5:$F$55,$U21)),IF($T21<>0,(COUNTIF($E$5:$F$55,$T21))),IF($S21<>0,(COUNTIF($E$5:$F$55,$S21)))) -> 1 | Z21: =SUM(COUNTIF($G$5:$J$55,$U21),IF($T21<>0,(COUNTIF($G$5:$J$55,$T21))),IF($S21<>0,(COUNTIF($G$5:$J$55,$S21)))) -> 1 | AA21: =SUM(COUNTIF($K$5:$L$55,$U21),IF($T21<>0,(COUNTIF($K$5:$L$55,$T21))),IF($S21<>0,(COUNTIF($K$5:$L$55,$S21)))) -> 1 | AB21: =SUM(COUNTIF($M$5:$N$55,$U21),IF($T21<>0,(COUNTIF($M$5:$N$55,$T21))),IF($S21<>0,(COUNTIF($M$5:$N$55,$S21)))) -> 0 | AC21: =CONCATENATE(IF($U21=$F$5,$E$5,IF($U21=$F$6,$E$6,IF($U21=$F$7,$E$7,IF($U21=$F$8,$E$8,IF($U21=$F$9,$E$9,IF($U21=$F$10,$E$10,IF($U21=$F$11,$E$11,IF($U21=$F$12,$E$12,IF($U21=$F$13,$E$13,IF($U21=$F$14,$E$14,IF($U21=$F$15,$E$15,IF($U21=$F$16,$E$16,IF($U21=$F$17,$E$17,"")))))))))))))&" "&IF($U21=$F$5,"(A)",IF($U21=$F$6,"(B)",IF($U21=$F$7,"(C)",IF($U21=$F$8,"(D)",IF($U21=$F$9,"(E)",IF($U21=$F$10,"(F)",IF($U21=$F$11,"(G)",IF($U21=$F$12,"(H)",IF($U21=$F$13,"(I)",IF($U21=$F$14,"(J)",IF($U21=$F$15,"(K)",IF($U21=$F$16,"(L)",IF($U21=$F$17,"(L)","")))))))))))))) -> RM (J) | AD21: =CONCATENATE(IF($U21=$H$5,$G$5,IF($U21=$H$6,$G$6,IF($U21=$H$7,$G$7,IF($U21=$H$8,$G$8,IF($U21=$H$9,$G$9,IF($U21=$H$10,$G$10,IF($U21=$H$11,$G$11,IF($U21=$H$12,$G$12,IF($U21=$H$13,$G$13,IF($U21=$H$14,$G$14,IF($U21=$H$15,$G$15,IF($U21=$H$16,$G$16,IF($U21=$H$17,$G$17,"")))))))))))))&" "&IF($U21=$H$5,"(A)",IF($U21=$H$6,"(B)",IF($U21=$H$7,"(C)",IF($U21=$H$8,"(D)",IF($U21=$H$9,"(E)",IF($U21=$H$10,"(F)",IF($U21=$H$11,"(G)",IF($U21=$H$12,"(H)",IF($U21=$H$13,"(I)",IF($U21=$H$14,"(J)",IF($U21=$H$15,"(K)",IF($U21=$H$16,"(L)",IF($U21=$H$17,"(L)","")))))))))))))) -> MIP (H) | AE21: =CONCATENATE(IF($U21=$L$5,$K$5,IF($U21=$L$6,$K$6,IF($U21=$L$7,$K$7,IF($U21=$L$8,$K$8,IF($U21=$L$9,$K$9,IF($U21=$L$10,$K$10,IF($U21=$L$11,$K$11,IF($U21=$L$12,$K$12,IF($U21=$L$13,$K$13,IF($U21=$L$14,$K$14,IF($U21=$L$15,$K$15,IF($U21=$L$16,$K$16,IF($U21=$L$17,$K$17,"")))))))))))))&" "&IF($U21=$L$5,"(A)",IF($U21=$L$6,"(B)",IF($U21=$L$7,"(C)",IF($U21=$L$8,"(D)",IF($U21=$L$9,"(E)",IF($U21=$L$10,"(F)",IF($U21=$L$11,"(G)",IF($U21=$L$12,"(H)",IF($U21=$L$13,"(I)",IF($U21=$L$14,"(J)",IF($U21=$L$15,"(K)",IF($U21=$L$16,"(L)",IF($U21=$L$17,"(L)","")))))))))))))) -> MIP (I) | AF21: =CONCATENATE(IF($U21=$N$5,$M$5,IF($U21=$N$6,$M$6,IF($U21=$N$7,$M$7,IF($U21=$N$8,$M$8,IF($U21=$N$9,$M$9,IF($U21=$N$10,$M$10,IF($U21=$N$11,$M$11,IF($U21=$N$12,$M$12,IF($U21=$N$13,$M$13,IF($U21=$N$14,$M$14,IF($U21=$N$15,$M$15,IF($U21=$N$16,$M$16,IF($U21=$N$17,$M$17,"")))))))))))))&" "&(IF($U21=$N$5,"(A)",IF($U21=$N$6,"(B)",IF($U21=$N$7,"(C)",IF($U21=$N$8,"(D)",IF($U21=$N$9,"(E)",IF($U21=$N$10,"(F)",IF($U21=$N$11,"(G)",IF($U21=$N$12,"(H)",IF($U21=$N$13,"(I)",IF($U21=$N$14,"(J)",IF($U21=$N$15,"(K)",IF($U21=$N$16,"(L)",IF($U21=$N$17,"(L)",""))))))))))))))) | AG21: =CONCATENATE(IF($U21=$F$21,$E$21,IF($U21=$F$22,$E$22,IF($U21=$F$23,$E$23,IF($U21=$F$24,$E$24,IF($U21=$F$25,$E$25,IF($U21=$F$26,$E$26,IF($U21=$F$27,$E$27,IF($U21=$F$28,$E$28,IF($U21=$F$29,$E$29,IF($U21=$F$30,$E$30,IF($U21=$F$31,$E$31,IF($U21=$F$32,$E$32,IF($U21=$F$33,$E$33,IF($U21=$F$34,$E$34,"")))))))))))))&" "&(IF($U21=$F$21,"(A)",IF($U21=$F$22,"(B)",IF($U21=$F$23,"(C)",IF($U21=$F$24,"(D)",IF($U21=$F$25,"(E)",IF($U21=$F$26,"(F)",IF($U21=$F$27,"(G)",IF($U21=$F$28,"(H)",IF($U21=$F$29,"(I)",IF($U21=$F$30,"(J)",IF($U21=$D$63,"(K)",IF($U21=$F$32,"(L)",IF($U21=$F$33,"(M)",IF($U21=$F$34,"(N)",""))))))))))))))))) | AH21: =CONCATENATE(IF($U21=$H$21,$G$21,IF($U21=$H$22,$G$22,IF($U21=$H$23,$G$23,IF($U21=$H$24,$G$24,IF($U21=$H$25,$G$25,IF($U21=$H$26,$G$26,IF($U21=$H$27,$G$27,IF($U21=$H$28,$G$28,IF($U21=$H$29,$G$29,IF($U21=$H$30,$G$30,IF($U21=$H$31,$G$31,IF($U21=$H$32,$G$32,IF($U21=$H$33,$G$33,IF($U21=$H$34,$G$34,""))))))))))))))&" "&(IF($U21=$H$21,"(A)",IF($U21=$H$22,"(B)",IF($U21=$H$23,"(C)",IF($U21=$H$24,"(D)",IF($U21=$H$25,"(E)",IF($U21=$H$26,"(F)",IF($U21=$H$27,"(G)",IF($U21=$H$28,"(H)",IF($U21=$H$29,"(I)",IF($U21=$H$30,"(J)",IF($U21=$H$31,"(K)",IF($U21=$H$32,"(L)",IF($U21=$H$33,"(M)",IF($U21=$H$34,"(N)","")))))))))))))))) | AI21: =CONCATENATE(IF($U21=$L$21,$K$21,IF($U21=$L$22,$K$22,IF($U21=$L$23,$K$23,IF($U21=$L$24,$K$24,IF($U21=$L$25,$K$25,IF($U21=$L$26,$K$26,IF($U21=$L$27,$K$27,IF($U21=$L$28,$K$28,IF($U21=$L$29,$K$29,IF($U21=$L$30,$K$30,IF($U21=$L$31,$K$31,IF($U21=$L$32,$K$32,IF($U21=$L$33,$K$33,IF($U21=$L$34,$K$34,""))))))))))))))&" "&IF($U21=$L$21,"(A)",IF($U21=$L$22,"(B)",IF($U21=$L$23,"(C)",IF($U21=$L$24,"(D)",IF($U21=$L$25,"(E)",IF($U21=$L$26,"(F)",IF($U21=$L$27,"(G)",IF($U21=$L$28,"(H)",IF($U21=$L$29,"(I)",IF($U21=$L$30,"(J)",IF($U21=$L$31,"(K)",IF($U21=$L$32,"(L)",IF($U21=$L$33,"(M)",IF($U21=$L$34,"(N)",""))))))))))))))) | AJ21: =CONCATENATE(IF($U21=$N$21,$M$21,IF($U21=$N$22,$M$22,IF($U21=$N$23,$M$23,IF($U21=$N$24,$M$24,IF($U21=$N$25,$M$25,IF($U21=$N$26,$M$26,IF($U21=$N$27,$M$27,IF($U21=$N$28,$M$28,IF($U21=$N$29,$M$29,IF($U21=$N$30,$M$30,IF($U21=$N$31,$M$31,IF($U21=$N$32,$M$32,IF($U21=$N$33,$M$33,IF($U21=$N$34,$M$34,""))))))))))))))&" "&(IF($U21=$N$21,"(A)",IF($U21=$N$22,"(B)",IF($U21=$N$23,"(C)",IF($U21=$N$24,"(D)",IF($U21=$N$25,"(E)",IF($U21=$N$26,"(F)",IF($U21=$N$27,"(G)",IF($U21=$N$28,"(H)",IF($U21=$N$29,"(I)",IF($U21=$N$30,"(J)",IF($U21=$N$31,"(K)",IF($U21=$N$32,"(L)",IF($U21=$N$33,"(M)",IF($U21=$N$34,"(N)","")))))))))))))))) | AK21: =CONCATENATE(IF($U21=$F$37,$E$37,IF($U21=$F$38,$E$38,IF($U21=$F$39,$E$39,IF($U21=$F$40,$E$40,IF($U21=$F$41,$E$41,IF($U21=$F$42,$E$42,IF($U21=$F$43,$E$43,IF($U21=$F$44,$E$44,IF($U21=$F$45,$E$45,IF($U21=$F$46,$E$46,IF($U21=$F$47,$E$47,IF($U21=$F$48,$E$48,IF($U21=$F$49,$E$49,IF($U21=$F$50,$E$50,IF($U21=$F$51,$E$51,""))))))))))))))&" "&IF($U21=$F$38,"(A)",IF($U21=$F$39,"(B)",IF($U21=$F$40,"(C)",IF($U21=$F$41,"(D)",IF($U21=$F$42,"(E)",IF($U21=$F$43,"(F)",IF($U21=$F$44,"(G)",IF($U21=$F$45,"(H)",IF($U21=$F$46,"(I)",IF($U21=$F$47,"(J)",IF($U21=$F$48,"(K)",IF($U21=$F$49,"(L)",IF($U21=$F$50,"(M)",IF($U21=$F$51,"(N)","")))))))))))))))) | AL21: =CONCATENATE(IF($U21=$H$37,$G$37,IF($U21=$H$38,$G$38,IF($U21=$H$39,$G$39,IF($U21=$H$40,$G$40,IF($U21=$H$41,$G$41,IF($U21=$H$42,$G$42,IF($U21=$H$43,$G$43,IF($U21=$H$44,$G$44,IF($U21=$H$45,$G$45,IF($U21=$H$46,$G$46,IF($U21=$H$47,$G$47,IF($U21=$H$48,$G$48,IF($U21=$H$49,$G$49,IF($U21=$H$50,$G$50,IF($U21=$H$51,$G$51,"")))))))))))))))&" "&IF($U21=$H$38,"(A)",IF($U21=$H$39,"(B)",IF($U21=$H$40,"(C)",IF($U21=$H$41,"(D)",IF($U21=$H$42,"(E)",IF($U21=$H$43,"(F)",IF($U21=$H$44,"(G)",IF($U21=$H$45,"(H)",IF($U21=$H$46,"(I)",IF($U21=$H$47,"(J)",IF($U21=$H$48,"(K)",IF($U21=$H$49,"(L)",IF($U21=$H$50,"(M)",IF($U21=$H$51,"(N)",""))))))))))))))) | AM21: =CONCATENATE(IF($U21=$L$37,$K$37,IF($U21=$L$38,$K$38,IF($U21=$L$39,$K$39,IF($U21=$L$40,$K$40,IF($U21=$L$41,$K$41,IF($U21=$L$42,$K$42,IF($U21=$L$43,$K$43,IF($U21=$L$44,$K$44,IF($U21=$L$45,$K$45,IF($U21=$L$46,$K$46,IF($U21=$L$47,$K$47,IF($U21=$L$48,$K$48,IF($U21=$L$49,$K$49,IF($U21=$L$50,$K$50,IF($U21=$L$51,$K$51,"")))))))))))))))&" "&IF($U21=$L$38,"(A)",IF($U21=$L$39,"(B)",IF($U21=$L$40,"(C)",IF($U21=$L$41,"(D)",IF($U21=$L$42,"(E)",IF($U21=$L$43,"(F)",IF($U21=$L$44,"(G)",IF($U21=$L$45,"(H)",IF($U21=$L$46,"(I)",IF($U21=$L$47,"(J)",IF($U21=$L$48,"(K)",IF($U21=$L$49,"(L)",IF($U21=$L$50,"(M)",IF($U21=$L$51,"(N)",""))))))))))))))) | AN21: =CONCATENATE(IF($U21=$N$37,$M$37,IF($U21=$N$38,$M$38,IF($U21=$N$39,$M$39,IF($U21=$N$40,$M$40,IF($U21=$N$41,$M$41,IF($U21=$N$42,$M$42,IF($U21=$N$43,$M$43,IF($U21=$N$44,$M$44,IF($U21=$N$45,$M$45,IF($U21=$N$46,$M$46,IF($U21=$N$47,$M$47,IF($U21=$N$48,$M$48,IF($U21=$N$49,$M$49,IF($U21=$N$50,$M$50,IF($U21=$N$51,$M$51,"")))))))))))))))&" "&IF($U21=$N$38,"(A)",IF($U21=$N$39,"(B)",IF($U21=$N$40,"(C)",IF($U21=$N$41,"(D)",IF($U21=$N$42,"(E)",IF($U21=$N$43,"(F)",IF($U21=$N$44,"(G)",IF($U21=$N$45,"(H)",IF($U21=$N$46,"(I)",IF($U21=$N$47,"(J)",IF($U21=$N$48,"(K)",IF($U21=$N$49,"(L)",IF($U21=$N$50,"(M)",IF($U21=$N$51,"(N)","")))))))))))))))
B22: CM+OP | C22: B | E22: =_xlfn.XLOOKUP(F22, $C$88:$C$95, $D$88:$D$95, "Training") -> EVS | F22: (MB) | G22: =_xlfn.XLOOKUP(H22, $C$88:$C$95, $D$88:$D$95, "Training") -> CA | H22: (TK) | K22: =_xlfn.XLOOKUP(L22, $C$88:$C$95, $D$88:$D$95, "Training") -> CM | L22: (SAK) | M22: =_xlfn.XLOOKUP(N22, $C$88:$C$95, $D$88:$D$95, "Training") -> ED | N22: (LV) | U22: (LV) | V22: =SUM(COUNTIF($E$5:$N$55,U22),IF(T22<>0,COUNTIF($E$5:$N$55,T22),0),IF(S22<>0,COUNTIF($E$5:$N$55,S22),0)) -> 3 | X22: =U22 -> (LV) | Y22: =SUM((COUNTIF($E$5:$F$55,$U22)),IF($T23<>0,(COUNTIF($E$5:$F$55,$T23))),IF($S23<>0,(COUNTIF($E$5:$F$55,$S23)))) -> 0 | Z22: =SUM(COUNTIF($G$5:$J$55,$U22),IF($T23<>0,(COUNTIF($G$5:$J$55,$T23))),IF($S23<>0,(COUNTIF($G$5:$J$55,$S23)))) -> 1 | AA22: =SUM(COUNTIF($K$5:$L$55,$U22),IF($T23<>0,(COUNTIF($K$5:$L$55,$T23))),IF($S23<>0,(COUNTIF($K$5:$L$55,$S23)))) -> 1 | AB22: =SUM(COUNTIF($M$5:$N$55,$U22),IF($T23<>0,(COUNTIF($M$5:$N$55,$T23))),IF($S23<>0,(COUNTIF($M$5:$N$55,$S23)))) -> 1 | AC22: =CONCATENATE(IF($U22=$F$5,$E$5,IF($U22=$F$6,$E$6,IF($U22=$F$7,$E$7,IF($U22=$F$8,$E$8,IF($U22=$F$9,$E$9,IF($U22=$F$10,$E$10,IF($U22=$F$11,$E$11,IF($U22=$F$12,$E$12,IF($U22=$F$13,$E$13,IF($U22=$F$14,$E$14,IF($U22=$F$15,$E$15,IF($U22=$F$16,$E$16,IF($U22=$F$17,$E$17,"")))))))))))))&" "&IF($U22=$F$5,"(A)",IF($U22=$F$6,"(B)",IF($U22=$F$7,"(C)",IF($U22=$F$8,"(D)",IF($U22=$F$9,"(E)",IF($U22=$F$10,"(F)",IF($U22=$F$11,"(G)",IF($U22=$F$12,"(H)",IF($U22=$F$13,"(I)",IF($U22=$F$14,"(J)",IF($U22=$F$15,"(K)",IF($U22=$F$16,"(L)",IF($U22=$F$17,"(L)","")))))))))))))) | AD22: =CONCATENATE(IF($U22=$H$5,$G$5,IF($U22=$H$6,$G$6,IF($U22=$H$7,$G$7,IF($U22=$H$8,$G$8,IF($U22=$H$9,$G$9,IF($U22=$H$10,$G$10,IF($U22=$H$11,$G$11,IF($U22=$H$12,$G$12,IF($U22=$H$13,$G$13,IF($U22=$H$14,$G$14,IF($U22=$H$15,$G$15,IF($U22=$H$16,$G$16,IF($U22=$H$17,$G$17,"")))))))))))))&" "&IF($U22=$H$5,"(A)",IF($U22=$H$6,"(B)",IF($U22=$H$7,"(C)",IF($U22=$H$8,"(D)",IF($U22=$H$9,"(E)",IF($U22=$H$10,"(F)",IF($U22=$H$11,"(G)",IF($U22=$H$12,"(H)",IF($U22=$H$13,"(I)",IF($U22=$H$14,"(J)",IF($U22=$H$15,"(K)",IF($U22=$H$16,"(L)",IF($U22=$H$17,"(L)","")))))))))))))) | AE22: =CONCATENATE(IF($U22=$L$5,$K$5,IF($U22=$L$6,$K$6,IF($U22=$L$7,$K$7,IF($U22=$L$8,$K$8,IF($U22=$L$9,$K$9,IF($U22=$L$10,$K$10,IF($U22=$L$11,$K$11,IF($U22=$L$12,$K$12,IF($U22=$L$13,$K$13,IF($U22=$L$14,$K$14,IF($U22=$L$15,$K$15,IF($U22=$L$16,$K$16,IF($U22=$L$17,$K$17,"")))))))))))))&" "&IF($U22=$L$5,"(A)",IF($U22=$L$6,"(B)",IF($U22=$L$7,"(C)",IF($U22=$L$8,"(D)",IF($U22=$L$9,"(E)",IF($U22=$L$10,"(F)",IF($U22=$L$11,"(G)",IF($U22=$L$12,"(H)",IF($U22=$L$13,"(I)",IF($U22=$L$14,"(J)",IF($U22=$L$15,"(K)",IF($U22=$L$16,"(L)",IF($U22=$L$17,"(L)","")))))))))))))) | AF22: =CONCATENATE(IF($U22=$N$5,$M$5,IF($U22=$N$6,$M$6,IF($U22=$N$7,$M$7,IF($U22=$N$8,$M$8,IF($U22=$N$9,$M$9,IF($U22=$N$10,$M$10,IF($U22=$N$11,$M$11,IF($U22=$N$12,$M$12,IF($U22=$N$13,$M$13,IF($U22=$N$14,$M$14,IF($U22=$N$15,$M$15,IF($U22=$N$16,$M$16,IF($U22=$N$17,$M$17,"")))))))))))))&" "&(IF($U22=$N$5,"(A)",IF($U22=$N$6,"(B)",IF($U22=$N$7,"(C)",IF($U22=$N$8,"(D)",IF($U22=$N$9,"(E)",IF($U22=$N$10,"(F)",IF($U22=$N$11,"(G)",IF($U22=$N$12,"(H)",IF($U22=$N$13,"(I)",IF($U22=$N$14,"(J)",IF($U22=$N$15,"(K)",IF($U22=$N$16,"(L)",IF($U22=$N$17,"(L)",""))))))))))))))) | AG22: =CONCATENATE(IF($U22=$F$21,$E$21,IF($U22=$F$22,$E$22,IF($U22=$F$23,$E$23,IF($U22=$F$24,$E$24,IF($U22=$F$25,$E$25,IF($U22=$F$26,$E$26,IF($U22=$F$27,$E$27,IF($U22=$F$28,$E$28,IF($U22=$F$29,$E$29,IF($U22=$F$30,$E$30,IF($U22=$F$31,$E$31,IF($U22=$F$32,$E$32,IF($U22=$F$33,$E$33,IF($U22=$F$34,$E$34,"")))))))))))))&" "&(IF($U22=$F$21,"(A)",IF($U22=$F$22,"(B)",IF($U22=$F$23,"(C)",IF($U22=$F$24,"(D)",IF($U22=$F$25,"(E)",IF($U22=$F$26,"(F)",IF($U22=$F$27,"(G)",IF($U22=$F$28,"(H)",IF($U22=$F$29,"(I)",IF($U22=$F$30,"(J)",IF($U22=$D$63,"(K)",IF($U22=$F$32,"(L)",IF($U22=$F$33,"(M)",IF($U22=$F$34,"(N)",""))))))))))))))))) | AH22: =CONCATENATE(IF($U22=$H$21,$G$21,IF($U22=$H$22,$G$22,IF($U22=$H$23,$G$23,IF($U22=$H$24,$G$24,IF($U22=$H$25,$G$25,IF($U22=$H$26,$G$26,IF($U22=$H$27,$G$27,IF($U22=$H$28,$G$28,IF($U22=$H$29,$G$29,IF($U22=$H$30,$G$30,IF($U22=$H$31,$G$31,IF($U22=$H$32,$G$32,IF($U22=$H$33,$G$33,IF($U22=$H$34,$G$34,""))))))))))))))&" "&(IF($U22=$H$21,"(A)",IF($U22=$H$22,"(B)",IF($U22=$H$23,"(C)",IF($U22=$H$24,"(D)",IF($U22=$H$25,"(E)",IF($U22=$H$26,"(F)",IF($U22=$H$27,"(G)",IF($U22=$H$28,"(H)",IF($U22=$H$29,"(I)",IF($U22=$H$30,"(J)",IF($U22=$H$31,"(K)",IF($U22=$H$32,"(L)",IF($U22=$H$33,"(M)",IF($U22=$H$34,"(N)","")))))))))))))))) -> ED (J) | AI22: =CONCATENATE(IF($U22=$L$21,$K$21,IF($U22=$L$22,$K$22,IF($U22=$L$23,$K$23,IF($U22=$L$24,$K$24,IF($U22=$L$25,$K$25,IF($U22=$L$26,$K$26,IF($U22=$L$27,$K$27,IF($U22=$L$28,$K$28,IF($U22=$L$29,$K$29,IF($U22=$L$30,$K$30,IF($U22=$L$31,$K$31,IF($U22=$L$32,$K$32,IF($U22=$L$33,$K$33,IF($U22=$L$34,$K$34,""))))))))))))))&" "&IF($U22=$L$21,"(A)",IF($U22=$L$22,"(B)",IF($U22=$L$23,"(C)",IF($U22=$L$24,"(D)",IF($U22=$L$25,"(E)",IF($U22=$L$26,"(F)",IF($U22=$L$27,"(G)",IF($U22=$L$28,"(H)",IF($U22=$L$29,"(I)",IF($U22=$L$30,"(J)",IF($U22=$L$31,"(K)",IF($U22=$L$32,"(L)",IF($U22=$L$33,"(M)",IF($U22=$L$34,"(N)",""))))))))))))))) -> ED (L) | AJ22: =CONCATENATE(IF($U22=$N$21,$M$21,IF($U22=$N$22,$M$22,IF($U22=$N$23,$M$23,IF($U22=$N$24,$M$24,IF($U22=$N$25,$M$25,IF($U22=$N$26,$M$26,IF($U22=$N$27,$M$27,IF($U22=$N$28,$M$28,IF($U22=$N$29,$M$29,IF($U22=$N$30,$M$30,IF($U22=$N$31,$M$31,IF($U22=$N$32,$M$32,IF($U22=$N$33,$M$33,IF($U22=$N$34,$M$34,""))))))))))))))&" "&(IF($U22=$N$21,"(A)",IF($U22=$N$22,"(B)",IF($U22=$N$23,"(C)",IF($U22=$N$24,"(D)",IF($U22=$N$25,"(E)",IF($U22=$N$26,"(F)",IF($U22=$N$27,"(G)",IF($U22=$N$28,"(H)",IF($U22=$N$29,"(I)",IF($U22=$N$30,"(J)",IF($U22=$N$31,"(K)",IF($U22=$N$32,"(L)",IF($U22=$N$33,"(M)",IF($U22=$N$34,"(N)","")))))))))))))))) -> ED (B) | AK22: =CONCATENATE(IF($U22=$F$37,$E$37,IF($U22=$F$38,$E$38,IF($U22=$F$39,$E$39,IF($U22=$F$40,$E$40,IF($U22=$F$41,$E$41,IF($U22=$F$42,$E$42,IF($U22=$F$43,$E$43,IF($U22=$F$44,$E$44,IF($U22=$F$45,$E$45,IF($U22=$F$46,$E$46,IF($U22=$F$47,$E$47,IF($U22=$F$48,$E$48,IF($U22=$F$49,$E$49,IF($U22=$F$50,$E$50,IF($U22=$F$51,$E$51,""))))))))))))))&" "&IF($U22=$F$38,"(A)",IF($U22=$F$39,"(B)",IF($U22=$F$40,"(C)",IF($U22=$F$41,"(D)",IF($U22=$F$42,"(E)",IF($U22=$F$43,"(F)",IF($U22=$F$44,"(G)",IF($U22=$F$45,"(H)",IF($U22=$F$46,"(I)",IF($U22=$F$47,"(J)",IF($U22=$F$48,"(K)",IF($U22=$F$49,"(L)",IF($U22=$F$50,"(M)",IF($U22=$F$51,"(N)","")))))))))))))))) | AL22: =CONCATENATE(IF($U22=$H$37,$G$37,IF($U22=$H$38,$G$38,IF($U22=$H$39,$G$39,IF($U22=$H$40,$G$40,IF($U22=$H$41,$G$41,IF($U22=$H$42,$G$42,IF($U22=$H$43,$G$43,IF($U22=$H$44,$G$44,IF($U22=$H$45,$G$45,IF($U22=$H$46,$G$46,IF($U22=$H$47,$G$47,IF($U22=$H$48,$G$48,IF($U22=$H$49,$G$49,IF($U22=$H$50,$G$50,IF($U22=$H$51,$G$51,"")))))))))))))))&" "&IF($U22=$H$38,"(A)",IF($U22=$H$39,"(B)",IF($U22=$H$40,"(C)",IF($U22=$H$41,"(D)",IF($U22=$H$42,"(E)",IF($U22=$H$43,"(F)",IF($U22=$H$44,"(G)",IF($U22=$H$45,"(H)",IF($U22=$H$46,"(I)",IF($U22=$H$47,"(J)",IF($U22=$H$48,"(K)",IF($U22=$H$49,"(L)",IF($U22=$H$50,"(M)",IF($U22=$H$51,"(N)",""))))))))))))))) | AM22: =CONCATENATE(IF($U22=$L$37,$K$37,IF($U22=$L$38,$K$38,IF($U22=$L$39,$K$39,IF($U22=$L$40,$K$40,IF($U22=$L$41,$K$41,IF($U22=$L$42,$K$42,IF($U22=$L$43,$K$43,IF($U22=$L$44,$K$44,IF($U22=$L$45,$K$45,IF($U22=$L$46,$K$46,IF($U22=$L$47,$K$47,IF($U22=$L$48,$K$48,IF($U22=$L$49,$K$49,IF($U22=$L$50,$K$50,IF($U22=$L$51,$K$51,"")))))))))))))))&" "&IF($U22=$L$38,"(A)",IF($U22=$L$39,"(B)",IF($U22=$L$40,"(C)",IF($U22=$L$41,"(D)",IF($U22=$L$42,"(E)",IF($U22=$L$43,"(F)",IF($U22=$L$44,"(G)",IF($U22=$L$45,"(H)",IF($U22=$L$46,"(I)",IF($U22=$L$47,"(J)",IF($U22=$L$48,"(K)",IF($U22=$L$49,"(L)",IF($U22=$L$50,"(M)",IF($U22=$L$51,"(N)",""))))))))))))))) | AN22: =CONCATENATE(IF($U22=$N$37,$M$37,IF($U22=$N$38,$M$38,IF($U22=$N$39,$M$39,IF($U22=$N$40,$M$40,IF($U22=$N$41,$M$41,IF($U22=$N$42,$M$42,IF($U22=$N$43,$M$43,IF($U22=$N$44,$M$44,IF($U22=$N$45,$M$45,IF($U22=$N$46,$M$46,IF($U22=$N$47,$M$47,IF($U22=$N$48,$M$48,IF($U22=$N$49,$M$49,IF($U22=$N$50,$M$50,IF($U22=$N$51,$M$51,"")))))))))))))))&" "&IF($U22=$N$38,"(A)",IF($U22=$N$39,"(B)",IF($U22=$N$40,"(C)",IF($U22=$N$41,"(D)",IF($U22=$N$42,"(E)",IF($U22=$N$43,"(F)",IF($U22=$N$44,"(G)",IF($U22=$N$45,"(H)",IF($U22=$N$46,"(I)",IF($U22=$N$47,"(J)",IF($U22=$N$48,"(K)",IF($U22=$N$49,"(L)",IF($U22=$N$50,"(M)",IF($U22=$N$51,"(N)","")))))))))))))))
B23: CM+OP | C23: C | E23: =_xlfn.XLOOKUP(F23, $E$88:$E$95, $F$88:$F$95, "Training") -> CM | F23: (SUH) | G23: =_xlfn.XLOOKUP(H23, $E$88:$E$95, $F$88:$F$95, "Training") -> MM | H23: (SB) | K23: =_xlfn.XLOOKUP(L23, $E$88:$E$95, $F$88:$F$95, "Training") -> CA | L23: (VA) | M23: =_xlfn.XLOOKUP(N23, $E$88:$E$95, $F$88:$F$95, "Training") -> EVS | N23: (AG) | U23: (MB) | V23: =SUM(COUNTIF($E$5:$N$55,U23),IF(T23<>0,COUNTIF($E$5:$N$55,T23),0),IF(S23<>0,COUNTIF($E$5:$N$55,S23),0)) -> 4 | X23: =U23 -> (MB) | Y23: =SUM((COUNTIF($E$5:$F$55,$U23)),IF($T24<>0,(COUNTIF($E$5:$F$55,$T24))),IF($S24<>0,(COUNTIF($E$5:$F$55,$S24)))) -> 1 | Z23: =SUM(COUNTIF($G$5:$J$55,$U23),IF($T24<>0,(COUNTIF($G$5:$J$55,$T24))),IF($S24<>0,(COUNTIF($G$5:$J$55,$S24)))) -> 1 | AA23: =SUM(COUNTIF($K$5:$L$55,$U23),IF($T24<>0,(COUNTIF($K$5:$L$55,$T24))),IF($S24<>0,(COUNTIF($K$5:$L$55,$S24)))) -> 1 | AB23: =SUM(COUNTIF($M$5:$N$55,$U23),IF($T24<>0,(COUNTIF($M$5:$N$55,$T24))),IF($S24<>0,(COUNTIF($M$5:$N$55,$S24)))) -> 1 | AC23: =CONCATENATE(IF($U23=$F$5,$E$5,IF($U23=$F$6,$E$6,IF($U23=$F$7,$E$7,IF($U23=$F$8,$E$8,IF($U23=$F$9,$E$9,IF($U23=$F$10,$E$10,IF($U23=$F$11,$E$11,IF($U23=$F$12,$E$12,IF($U23=$F$13,$E$13,IF($U23=$F$14,$E$14,IF($U23=$F$15,$E$15,IF($U23=$F$16,$E$16,IF($U23=$F$17,$E$17,"")))))))))))))&" "&IF($U23=$F$5,"(A)",IF($U23=$F$6,"(B)",IF($U23=$F$7,"(C)",IF($U23=$F$8,"(D)",IF($U23=$F$9,"(E)",IF($U23=$F$10,"(F)",IF($U23=$F$11,"(G)",IF($U23=$F$12,"(H)",IF($U23=$F$13,"(I)",IF($U23=$F$14,"(J)",IF($U23=$F$15,"(K)",IF($U23=$F$16,"(L)",IF($U23=$F$17,"(L)","")))))))))))))) | AD23: =CONCATENATE(IF($U23=$H$5,$G$5,IF($U23=$H$6,$G$6,IF($U23=$H$7,$G$7,IF($U23=$H$8,$G$8,IF($U23=$H$9,$G$9,IF($U23=$H$10,$G$10,IF($U23=$H$11,$G$11,IF($U23=$H$12,$G$12,IF($U23=$H$13,$G$13,IF($U23=$H$14,$G$14,IF($U23=$H$15,$G$15,IF($U23=$H$16,$G$16,IF($U23=$H$17,$G$17,"")))))))))))))&" "&IF($U23=$H$5,"(A)",IF($U23=$H$6,"(B)",IF($U23=$H$7,"(C)",IF($U23=$H$8,"(D)",IF($U23=$H$9,"(E)",IF($U23=$H$10,"(F)",IF($U23=$H$11,"(G)",IF($U23=$H$12,"(H)",IF($U23=$H$13,"(I)",IF($U23=$H$14,"(J)",IF($U23=$H$15,"(K)",IF($U23=$H$16,"(L)",IF($U23=$H$17,"(L)","")))))))))))))) | AE23: =CONCATENATE(IF($U23=$L$5,$K$5,IF($U23=$L$6,$K$6,IF($U23=$L$7,$K$7,IF($U23=$L$8,$K$8,IF($U23=$L$9,$K$9,IF($U23=$L$10,$K$10,IF($U23=$L$11,$K$11,IF($U23=$L$12,$K$12,IF($U23=$L$13,$K$13,IF($U23=$L$14,$K$14,IF($U23=$L$15,$K$15,IF($U23=$L$16,$K$16,IF($U23=$L$17,$K$17,"")))))))))))))&" "&IF($U23=$L$5,"(A)",IF($U23=$L$6,"(B)",IF($U23=$L$7,"(C)",IF($U23=$L$8,"(D)",IF($U23=$L$9,"(E)",IF($U23=$L$10,"(F)",IF($U23=$L$11,"(G)",IF($U23=$L$12,"(H)",IF($U23=$L$13,"(I)",IF($U23=$L$14,"(J)",IF($U23=$L$15,"(K)",IF($U23=$L$16,"(L)",IF($U23=$L$17,"(L)","")))))))))))))) | AF23: =CONCATENATE(IF($U23=$N$5,$M$5,IF($U23=$N$6,$M$6,IF($U23=$N$7,$M$7,IF($U23=$N$8,$M$8,IF($U23=$N$9,$M$9,IF($U23=$N$10,$M$10,IF($U23=$N$11,$M$11,IF($U23=$N$12,$M$12,IF($U23=$N$13,$M$13,IF($U23=$N$14,$M$14,IF($U23=$N$15,$M$15,IF($U23=$N$16,$M$16,IF($U23=$N$17,$M$17,"")))))))))))))&" "&(IF($U23=$N$5,"(A)",IF($U23=$N$6,"(B)",IF($U23=$N$7,"(C)",IF($U23=$N$8,"(D)",IF($U23=$N$9,"(E)",IF($U23=$N$10,"(F)",IF($U23=$N$11,"(G)",IF($U23=$N$12,"(H)",IF($U23=$N$13,"(I)",IF($U23=$N$14,"(J)",IF($U23=$N$15,"(K)",IF($U23=$N$16,"(L)",IF($U23=$N$17,"(L)",""))))))))))))))) | AG23: =CONCATENATE(IF($U23=$F$21,$E$21,IF($U23=$F$22,$E$22,IF($U23=$F$23,$E$23,IF($U23=$F$24,$E$24,IF($U23=$F$25,$E$25,IF($U23=$F$26,$E$26,IF($U23=$F$27,$E$27,IF($U23=$F$28,$E$28,IF($U23=$F$29,$E$29,IF($U23=$F$30,$E$30,IF($U23=$F$31,$E$31,IF($U23=$F$32,$E$32,IF($U23=$F$33,$E$33,IF($U23=$F$34,$E$34,"")))))))))))))&" "&(IF($U23=$F$21,"(A)",IF($U23=$F$22,"(B)",IF($U23=$F$23,"(C)",IF($U23=$F$24,"(D)",IF($U23=$F$25,"(E)",IF($U23=$F$26,"(F)",IF($U23=$F$27,"(G)",IF($U23=$F$28,"(H)",IF($U23=$F$29,"(I)",IF($U23=$F$30,"(J)",IF($U23=$D$63,"(K)",IF($U23=$F$32,"(L)",IF($U23=$F$33,"(M)",IF($U23=$F$34,"(N)",""))))))))))))))))) -> EVS (B) | AH23: =CONCATENATE(IF($U23=$H$21,$G$21,IF($U23=$H$22,$G$22,IF($U23=$H$23,$G$23,IF($U23=$H$24,$G$24,IF($U23=$H$25,$G$25,IF($U23=$H$26,$G$26,IF($U23=$H$27,$G$27,IF($U23=$H$28,$G$28,IF($U23=$H$29,$G$29,IF($U23=$H$30,$G$30,IF($U23=$H$31,$G$31,IF($U23=$H$32,$G$32,IF($U23=$H$33,$G$33,IF($U23=$H$34,$G$34,""))))))))))))))&" "&(IF($U23=$H$21,"(A)",IF($U23=$H$22,"(B)",IF($U23=$H$23,"(C)",IF($U23=$H$24,"(D)",IF($U23=$H$25,"(E)",IF($U23=$H$26,"(F)",IF($U23=$H$27,"(G)",IF($U23=$H$28,"(H)",IF($U23=$H$29,"(I)",IF($U23=$H$30,"(J)",IF($U23=$H$31,"(K)",IF($U23=$H$32,"(L)",IF($U23=$H$33,"(M)",IF($U23=$H$34,"(N)","")))))))))))))))) -> EVS (G) | AI23: =CONCATENATE(IF($U23=$L$21,$K$21,IF($U23=$L$22,$K$22,IF($U23=$L$23,$K$23,IF($U23=$L$24,$K$24,IF($U23=$L$25,$K$25,IF($U23=$L$26,$K$26,IF($U23=$L$27,$K$27,IF($U23=$L$28,$K$28,IF($U23=$L$29,$K$29,IF($U23=$L$30,$K$30,IF($U23=$L$31,$K$31,IF($U23=$L$32,$K$32,IF($U23=$L$33,$K$33,IF($U23=$L$34,$K$34,""))))))))))))))&" "&IF($U23=$L$21,"(A)",IF($U23=$L$22,"(B)",IF($U23=$L$23,"(C)",IF($U23=$L$24,"(D)",IF($U23=$L$25,"(E)",IF($U23=$L$26,"(F)",IF($U23=$L$27,"(G)",IF($U23=$L$28,"(H)",IF($U23=$L$29,"(I)",IF($U23=$L$30,"(J)",IF($U23=$L$31,"(K)",IF($U23=$L$32,"(L)",IF($U23=$L$33,"(M)",IF($U23=$L$34,"(N)",""))))))))))))))) -> CP (J) | AJ23: =CONCATENATE(IF($U23=$N$21,$M$21,IF($U23=$N$22,$M$22,IF($U23=$N$23,$M$23,IF($U23=$N$24,$M$24,IF($U23=$N$25,$M$25,IF($U23=$N$26,$M$26,IF($U23=$N$27,$M$27,IF($U23=$N$28,$M$28,IF($U23=$N$29,$M$29,IF($U23=$N$30,$M$30,IF($U23=$N$31,$M$31,IF($U23=$N$32,$M$32,IF($U23=$N$33,$M$33,IF($U23=$N$34,$M$34,""))))))))))))))&" "&(IF($U23=$N$21,"(A)",IF($U23=$N$22,"(B)",IF($U23=$N$23,"(C)",IF($U23=$N$24,"(D)",IF($U23=$N$25,"(E)",IF($U23=$N$26,"(F)",IF($U23=$N$27,"(G)",IF($U23=$N$28,"(H)",IF($U23=$N$29,"(I)",IF($U23=$N$30,"(J)",IF($U23=$N$31,"(K)",IF($U23=$N$32,"(L)",IF($U23=$N$33,"(M)",IF($U23=$N$34,"(N)","")))))))))))))))) -> CP (H) | AK23: =CONCATENATE(IF($U23=$F$37,$E$37,IF($U23=$F$38,$E$38,IF($U23=$F$39,$E$39,IF($U23=$F$40,$E$40,IF($U23=$F$41,$E$41,IF($U23=$F$42,$E$42,IF($U23=$F$43,$E$43,IF($U23=$F$44,$E$44,IF($U23=$F$45,$E$45,IF($U23=$F$46,$E$46,IF($U23=$F$47,$E$47,IF($U23=$F$48,$E$48,IF($U23=$F$49,$E$49,IF($U23=$F$50,$E$50,IF($U23=$F$51,$E$51,""))))))))))))))&" "&IF($U23=$F$38,"(A)",IF($U23=$F$39,"(B)",IF($U23=$F$40,"(C)",IF($U23=$F$41,"(D)",IF($U23=$F$42,"(E)",IF($U23=$F$43,"(F)",IF($U23=$F$44,"(G)",IF($U23=$F$45,"(H)",IF($U23=$F$46,"(I)",IF($U23=$F$47,"(J)",IF($U23=$F$48,"(K)",IF($U23=$F$49,"(L)",IF($U23=$F$50,"(M)",IF($U23=$F$51,"(N)","")))))))))))))))) | AL23: =CONCATENATE(IF($U23=$H$37,$G$37,IF($U23=$H$38,$G$38,IF($U23=$H$39,$G$39,IF($U23=$H$40,$G$40,IF($U23=$H$41,$G$41,IF($U23=$H$42,$G$42,IF($U23=$H$43,$G$43,IF($U23=$H$44,$G$44,IF($U23=$H$45,$G$45,IF($U23=$H$46,$G$46,IF($U23=$H$47,$G$47,IF($U23=$H$48,$G$48,IF($U23=$H$49,$G$49,IF($U23=$H$50,$G$50,IF($U23=$H$51,$G$51,"")))))))))))))))&" "&IF($U23=$H$38,"(A)",IF($U23=$H$39,"(B)",IF($U23=$H$40,"(C)",IF($U23=$H$41,"(D)",IF($U23=$H$42,"(E)",IF($U23=$H$43,"(F)",IF($U23=$H$44,"(G)",IF($U23=$H$45,"(H)",IF($U23=$H$46,"(I)",IF($U23=$H$47,"(J)",IF($U23=$H$48,"(K)",IF($U23=$H$49,"(L)",IF($U23=$H$50,"(M)",IF($U23=$H$51,"(N)",""))))))))))))))) | AM23: =CONCATENATE(IF($U23=$L$37,$K$37,IF($U23=$L$38,$K$38,IF($U23=$L$39,$K$39,IF($U23=$L$40,$K$40,IF($U23=$L$41,$K$41,IF($U23=$L$42,$K$42,IF($U23=$L$43,$K$43,IF($U23=$L$44,$K$44,IF($U23=$L$45,$K$45,IF($U23=$L$46,$K$46,IF($U23=$L$47,$K$47,IF($U23=$L$48,$K$48,IF($U23=$L$49,$K$49,IF($U23=$L$50,$K$50,IF($U23=$L$51,$K$51,"")))))))))))))))&" "&IF($U23=$L$38,"(A)",IF($U23=$L$39,"(B)",IF($U23=$L$40,"(C)",IF($U23=$L$41,"(D)",IF($U23=$L$42,"(E)",IF($U23=$L$43,"(F)",IF($U23=$L$44,"(G)",IF($U23=$L$45,"(H)",IF($U23=$L$46,"(I)",IF($U23=$L$47,"(J)",IF($U23=$L$48,"(K)",IF($U23=$L$49,"(L)",IF($U23=$L$50,"(M)",IF($U23=$L$51,"(N)",""))))))))))))))) | AN23: =CONCATENATE(IF($U23=$N$37,$M$37,IF($U23=$N$38,$M$38,IF($U23=$N$39,$M$39,IF($U23=$N$40,$M$40,IF($U23=$N$41,$M$41,IF($U23=$N$42,$M$42,IF($U23=$N$43,$M$43,IF($U23=$N$44,$M$44,IF($U23=$N$45,$M$45,IF($U23=$N$46,$M$46,IF($U23=$N$47,$M$47,IF($U23=$N$48,$M$48,IF($U23=$N$49,$M$49,IF($U23=$N$50,$M$50,IF($U23=$N$51,$M$51,"")))))))))))))))&" "&IF($U23=$N$38,"(A)",IF($U23=$N$39,"(B)",IF($U23=$N$40,"(C)",IF($U23=$N$41,"(D)",IF($U23=$N$42,"(E)",IF($U23=$N$43,"(F)",IF($U23=$N$44,"(G)",IF($U23=$N$45,"(H)",IF($U23=$N$46,"(I)",IF($U23=$N$47,"(J)",IF($U23=$N$48,"(K)",IF($U23=$N$49,"(L)",IF($U23=$N$50,"(M)",IF($U23=$N$51,"(N)","")))))))))))))))
B24: CM+OP | C24: D | E24: =_xlfn.XLOOKUP(F24, $G$88:$G$95, $H$88:$H$95, "Training") -> ED | F24: (RR) | G24: =_xlfn.XLOOKUP(H24, $G$88:$G$95, $H$88:$H$95, "Training") -> HR | H24: (SUH) | K24: =_xlfn.XLOOKUP(L24, $G$88:$G$95, $H$88:$H$95, "Training") -> CM | L24: (SW) | M24: =_xlfn.XLOOKUP(N24, $G$88:$G$95, $H$88:$H$95, "Training") -> EVS | N24: (MH) | U24: (MEG) | V24: =SUM(COUNTIF($E$5:$N$55,U24),IF(T24<>0,COUNTIF($E$5:$N$55,T24),0),IF(S24<>0,COUNTIF($E$5:$N$55,S24),0)) -> 3 | X24: =U24 -> (MEG) | Y24: =SUM((COUNTIF($E$5:$F$55,$U24)),IF($T25<>0,(COUNTIF($E$5:$F$55,$T25))),IF($S25<>0,(COUNTIF($E$5:$F$55,$S25)))) -> 1 | Z24: =SUM(COUNTIF($G$5:$J$55,$U24),IF($T25<>0,(COUNTIF($G$5:$J$55,$T25))),IF($S25<>0,(COUNTIF($G$5:$J$55,$S25)))) -> 0 | AA24: =SUM(COUNTIF($K$5:$L$55,$U24),IF($T25<>0,(COUNTIF($K$5:$L$55,$T25))),IF($S25<>0,(COUNTIF($K$5:$L$55,$S25)))) -> 1 | AB24: =SUM(COUNTIF($M$5:$N$55,$U24),IF($T25<>0,(COUNTIF($M$5:$N$55,$T25))),IF($S25<>0,(COUNTIF($M$5:$N$55,$S25)))) -> 1 | AC24: =CONCATENATE(IF($U24=$F$5,$E$5,IF($U24=$F$6,$E$6,IF($U24=$F$7,$E$7,IF($U24=$F$8,$E$8,IF($U24=$F$9,$E$9,IF($U24=$F$10,$E$10,IF($U24=$F$11,$E$11,IF($U24=$F$12,$E$12,IF($U24=$F$13,$E$13,IF($U24=$F$14,$E$14,IF($U24=$F$15,$E$15,IF($U24=$F$16,$E$16,IF($U24=$F$17,$E$17,"")))))))))))))&" "&IF($U24=$F$5,"(A)",IF($U24=$F$6,"(B)",IF($U24=$F$7,"(C)",IF($U24=$F$8,"(D)",IF($U24=$F$9,"(E)",IF($U24=$F$10,"(F)",IF($U24=$F$11,"(G)",IF($U24=$F$12,"(H)",IF($U24=$F$13,"(I)",IF($U24=$F$14,"(J)",IF($U24=$F$15,"(K)",IF($U24=$F$16,"(L)",IF($U24=$F$17,"(L)","")))))))))))))) | AD24: =CONCATENATE(IF($U24=$H$5,$G$5,IF($U24=$H$6,$G$6,IF($U24=$H$7,$G$7,IF($U24=$H$8,$G$8,IF($U24=$H$9,$G$9,IF($U24=$H$10,$G$10,IF($U24=$H$11,$G$11,IF($U24=$H$12,$G$12,IF($U24=$H$13,$G$13,IF($U24=$H$14,$G$14,IF($U24=$H$15,$G$15,IF($U24=$H$16,$G$16,IF($U24=$H$17,$G$17,"")))))))))))))&" "&IF($U24=$H$5,"(A)",IF($U24=$H$6,"(B)",IF($U24=$H$7,"(C)",IF($U24=$H$8,"(D)",IF($U24=$H$9,"(E)",IF($U24=$H$10,"(F)",IF($U24=$H$11,"(G)",IF($U24=$H$12,"(H)",IF($U24=$H$13,"(I)",IF($U24=$H$14,"(J)",IF($U24=$H$15,"(K)",IF($U24=$H$16,"(L)",IF($U24=$H$17,"(L)","")))))))))))))) | AE24: =CONCATENATE(IF($U24=$L$5,$K$5,IF($U24=$L$6,$K$6,IF($U24=$L$7,$K$7,IF($U24=$L$8,$K$8,IF($U24=$L$9,$K$9,IF($U24=$L$10,$K$10,IF($U24=$L$11,$K$11,IF($U24=$L$12,$K$12,IF($U24=$L$13,$K$13,IF($U24=$L$14,$K$14,IF($U24=$L$15,$K$15,IF($U24=$L$16,$K$16,IF($U24=$L$17,$K$17,"")))))))))))))&" "&IF($U24=$L$5,"(A)",IF($U24=$L$6,"(B)",IF($U24=$L$7,"(C)",IF($U24=$L$8,"(D)",IF($U24=$L$9,"(E)",IF($U24=$L$10,"(F)",IF($U24=$L$11,"(G)",IF($U24=$L$12,"(H)",IF($U24=$L$13,"(I)",IF($U24=$L$14,"(J)",IF($U24=$L$15,"(K)",IF($U24=$L$16,"(L)",IF($U24=$L$17,"(L)","")))))))))))))) -> MA (D) | AF24: =CONCATENATE(IF($U24=$N$5,$M$5,IF($U24=$N$6,$M$6,IF($U24=$N$7,$M$7,IF($U24=$N$8,$M$8,IF($U24=$N$9,$M$9,IF($U24=$N$10,$M$10,IF($U24=$N$11,$M$11,IF($U24=$N$12,$M$12,IF($U24=$N$13,$M$13,IF($U24=$N$14,$M$14,IF($U24=$N$15,$M$15,IF($U24=$N$16,$M$16,IF($U24=$N$17,$M$17,"")))))))))))))&" "&(IF($U24=$N$5,"(A)",IF($U24=$N$6,"(B)",IF($U24=$N$7,"(C)",IF($U24=$N$8,"(D)",IF($U24=$N$9,"(E)",IF($U24=$N$10,"(F)",IF($U24=$N$11,"(G)",IF($U24=$N$12,"(H)",IF($U24=$N$13,"(I)",IF($U24=$N$14,"(J)",IF($U24=$N$15,"(K)",IF($U24=$N$16,"(L)",IF($U24=$N$17,"(L)",""))))))))))))))) -> MA (J) | AG24: =CONCATENATE(IF($U24=$F$21,$E$21,IF($U24=$F$22,$E$22,IF($U24=$F$23,$E$23,IF($U24=$F$24,$E$24,IF($U24=$F$25,$E$25,IF($U24=$F$26,$E$26,IF($U24=$F$27,$E$27,IF($U24=$F$28,$E$28,IF($U24=$F$29,$E$29,IF($U24=$F$30,$E$30,IF($U24=$F$31,$E$31,IF($U24=$F$32,$E$32,IF($U24=$F$33,$E$33,IF($U24=$F$34,$E$34,"")))))))))))))&" "&(IF($U24=$F$21,"(A)",IF($U24=$F$22,"(B)",IF($U24=$F$23,"(C)",IF($U24=$F$24,"(D)",IF($U24=$F$25,"(E)",IF($U24=$F$26,"(F)",IF($U24=$F$27,"(G)",IF($U24=$F$28,"(H)",IF($U24=$F$29,"(I)",IF($U24=$F$30,"(J)",IF($U24=$D$63,"(K)",IF($U24=$F$32,"(L)",IF($U24=$F$33,"(M)",IF($U24=$F$34,"(N)",""))))))))))))))))) -> CA (L) | AH24: =CONCATENATE(IF($U24=$H$21,$G$21,IF($U24=$H$22,$G$22,IF($U24=$H$23,$G$23,IF($U24=$H$24,$G$24,IF($U24=$H$25,$G$25,IF($U24=$H$26,$G$26,IF($U24=$H$27,$G$27,IF($U24=$H$28,$G$28,IF($U24=$H$29,$G$29,IF($U24=$H$30,$G$30,IF($U24=$H$31,$G$31,IF($U24=$H$32,$G$32,IF($U24=$H$33,$G$33,IF($U24=$H$34,$G$34,""))))))))))))))&" "&(IF($U24=$H$21,"(A)",IF($U24=$H$22,"(B)",IF($U24=$H$23,"(C)",IF($U24=$H$24,"(D)",IF($U24=$H$25,"(E)",IF($U24=$H$26,"(F)",IF($U24=$H$27,"(G)",IF($U24=$H$28,"(H)",IF($U24=$H$29,"(I)",IF($U24=$H$30,"(J)",IF($U24=$H$31,"(K)",IF($U24=$H$32,"(L)",IF($U24=$H$33,"(M)",IF($U24=$H$34,"(N)","")))))))))))))))) | AI24: =CONCATENATE(IF($U24=$L$21,$K$21,IF($U24=$L$22,$K$22,IF($U24=$L$23,$K$23,IF($U24=$L$24,$K$24,IF($U24=$L$25,$K$25,IF($U24=$L$26,$K$26,IF($U24=$L$27,$K$27,IF($U24=$L$28,$K$28,IF($U24=$L$29,$K$29,IF($U24=$L$30,$K$30,IF($U24=$L$31,$K$31,IF($U24=$L$32,$K$32,IF($U24=$L$33,$K$33,IF($U24=$L$34,$K$34,""))))))))))))))&" "&IF($U24=$L$21,"(A)",IF($U24=$L$22,"(B)",IF($U24=$L$23,"(C)",IF($U24=$L$24,"(D)",IF($U24=$L$25,"(E)",IF($U24=$L$26,"(F)",IF($U24=$L$27,"(G)",IF($U24=$L$28,"(H)",IF($U24=$L$29,"(I)",IF($U24=$L$30,"(J)",IF($U24=$L$31,"(K)",IF($U24=$L$32,"(L)",IF($U24=$L$33,"(M)",IF($U24=$L$34,"(N)",""))))))))))))))) | AJ24: =CONCATENATE(IF($U24=$N$21,$M$21,IF($U24=$N$22,$M$22,IF($U24=$N$23,$M$23,IF($U24=$N$24,$M$24,IF($U24=$N$25,$M$25,IF($U24=$N$26,$M$26,IF($U24=$N$27,$M$27,IF($U24=$N$28,$M$28,IF($U24=$N$29,$M$29,IF($U24=$N$30,$M$30,IF($U24=$N$31,$M$31,IF($U24=$N$32,$M$32,IF($U24=$N$33,$M$33,IF($U24=$N$34,$M$34,""))))))))))))))&" "&(IF($U24=$N$21,"(A)",IF($U24=$N$22,"(B)",IF($U24=$N$23,"(C)",IF($U24=$N$24,"(D)",IF($U24=$N$25,"(E)",IF($U24=$N$26,"(F)",IF($U24=$N$27,"(G)",IF($U24=$N$28,"(H)",IF($U24=$N$29,"(I)",IF($U24=$N$30,"(J)",IF($U24=$N$31,"(K)",IF($U24=$N$32,"(L)",IF($U24=$N$33,"(M)",IF($U24=$N$34,"(N)","")))))))))))))))) | AK24: =CONCATENATE(IF($U24=$F$37,$E$37,IF($U24=$F$38,$E$38,IF($U24=$F$39,$E$39,IF($U24=$F$40,$E$40,IF($U24=$F$41,$E$41,IF($U24=$F$42,$E$42,IF($U24=$F$43,$E$43,IF($U24=$F$44,$E$44,IF($U24=$F$45,$E$45,IF($U24=$F$46,$E$46,IF($U24=$F$47,$E$47,IF($U24=$F$48,$E$48,IF($U24=$F$49,$E$49,IF($U24=$F$50,$E$50,IF($U24=$F$51,$E$51,""))))))))))))))&" "&IF($U24=$F$38,"(A)",IF($U24=$F$39,"(B)",IF($U24=$F$40,"(C)",IF($U24=$F$41,"(D)",IF($U24=$F$42,"(E)",IF($U24=$F$43,"(F)",IF($U24=$F$44,"(G)",IF($U24=$F$45,"(H)",IF($U24=$F$46,"(I)",IF($U24=$F$47,"(J)",IF($U24=$F$48,"(K)",IF($U24=$F$49,"(L)",IF($U24=$F$50,"(M)",IF($U24=$F$51,"(N)","")))))))))))))))) | AL24: =CONCATENATE(IF($U24=$H$37,$G$37,IF($U24=$H$38,$G$38,IF($U24=$H$39,$G$39,IF($U24=$H$40,$G$40,IF($U24=$H$41,$G$41,IF($U24=$H$42,$G$42,IF($U24=$H$43,$G$43,IF($U24=$H$44,$G$44,IF($U24=$H$45,$G$45,IF($U24=$H$46,$G$46,IF($U24=$H$47,$G$47,IF($U24=$H$48,$G$48,IF($U24=$H$49,$G$49,IF($U24=$H$50,$G$50,IF($U24=$H$51,$G$51,"")))))))))))))))&" "&IF($U24=$H$38,"(A)",IF($U24=$H$39,"(B)",IF($U24=$H$40,"(C)",IF($U24=$H$41,"(D)",IF($U24=$H$42,"(E)",IF($U24=$H$43,"(F)",IF($U24=$H$44,"(G)",IF($U24=$H$45,"(H)",IF($U24=$H$46,"(I)",IF($U24=$H$47,"(J)",IF($U24=$H$48,"(K)",IF($U24=$H$49,"(L)",IF($U24=$H$50,"(M)",IF($U24=$H$51,"(N)",""))))))))))))))) | AM24: =CONCATENATE(IF($U24=$L$37,$K$37,IF($U24=$L$38,$K$38,IF($U24=$L$39,$K$39,IF($U24=$L$40,$K$40,IF($U24=$L$41,$K$41,IF($U24=$L$42,$K$42,IF($U24=$L$43,$K$43,IF($U24=$L$44,$K$44,IF($U24=$L$45,$K$45,IF($U24=$L$46,$K$46,IF($U24=$L$47,$K$47,IF($U24=$L$48,$K$48,IF($U24=$L$49,$K$49,IF($U24=$L$50,$K$50,IF($U24=$L$51,$K$51,"")))))))))))))))&" "&IF($U24=$L$38,"(A)",IF($U24=$L$39,"(B)",IF($U24=$L$40,"(C)",IF($U24=$L$41,"(D)",IF($U24=$L$42,"(E)",IF($U24=$L$43,"(F)",IF($U24=$L$44,"(G)",IF($U24=$L$45,"(H)",IF($U24=$L$46,"(I)",IF($U24=$L$47,"(J)",IF($U24=$L$48,"(K)",IF($U24=$L$49,"(L)",IF($U24=$L$50,"(M)",IF($U24=$L$51,"(N)",""))))))))))))))) | AN24: =CONCATENATE(IF($U24=$N$37,$M$37,IF($U24=$N$38,$M$38,IF($U24=$N$39,$M$39,IF($U24=$N$40,$M$40,IF($U24=$N$41,$M$41,IF($U24=$N$42,$M$42,IF($U24=$N$43,$M$43,IF($U24=$N$44,$M$44,IF($U24=$N$45,$M$45,IF($U24=$N$46,$M$46,IF($U24=$N$47,$M$47,IF($U24=$N$48,$M$48,IF($U24=$N$49,$M$49,IF($U24=$N$50,$M$50,IF($U24=$N$51,$M$51,"")))))))))))))))&" "&IF($U24=$N$38,"(A)",IF($U24=$N$39,"(B)",IF($U24=$N$40,"(C)",IF($U24=$N$41,"(D)",IF($U24=$N$42,"(E)",IF($U24=$N$43,"(F)",IF($U24=$N$44,"(G)",IF($U24=$N$45,"(H)",IF($U24=$N$46,"(I)",IF($U24=$N$47,"(J)",IF($U24=$N$48,"(K)",IF($U24=$N$49,"(L)",IF($U24=$N$50,"(M)",IF($U24=$N$51,"(N)","")))))))))))))))
B25: CM+OP | C25: E | E25: =_xlfn.XLOOKUP(F25, $I$88:$I$95, $J$88:$J$95, "Training") -> EVS | F25: (RR) | G25: =_xlfn.XLOOKUP(H25, $I$88:$I$95, $J$88:$J$95, "Training") -> OP | H25: NEW | K25: =_xlfn.XLOOKUP(L25, $I$88:$I$95, $J$88:$J$95, "Training") -> ED | L25: (EC) | M25: =_xlfn.XLOOKUP(N25, $I$88:$I$95, $J$88:$J$95, "Training") -> EVS | N25: (RR) | U25: (MH) | V25: =SUM(COUNTIF($E$5:$N$55,U25),IF(T25<>0,COUNTIF($E$5:$N$55,T25),0),IF(S25<>0,COUNTIF($E$5:$N$55,S25),0)) -> 3 | X25: =U25 -> (MH) | Y25: =SUM((COUNTIF($E$5:$F$55,$U25)),IF($T26<>0,(COUNTIF($E$5:$F$55,$T26))),IF($S26<>0,(COUNTIF($E$5:$F$55,$S26)))) -> 1 | Z25: =SUM(COUNTIF($G$5:$J$55,$U25),IF($T26<>0,(COUNTIF($G$5:$J$55,$T26))),IF($S26<>0,(COUNTIF($G$5:$J$55,$S26)))) -> 0 | AA25: =SUM(COUNTIF($K$5:$L$55,$U25),IF($T26<>0,(COUNTIF($K$5:$L$55,$T26))),IF($S26<>0,(COUNTIF($K$5:$L$55,$S26)))) -> 1 | AB25: =SUM(COUNTIF($M$5:$N$55,$U25),IF($T26<>0,(COUNTIF($M$5:$N$55,$T26))),IF($S26<>0,(COUNTIF($M$5:$N$55,$S26)))) -> 1 | AC25: =CONCATENATE(IF($U25=$F$5,$E$5,IF($U25=$F$6,$E$6,IF($U25=$F$7,$E$7,IF($U25=$F$8,$E$8,IF($U25=$F$9,$E$9,IF($U25=$F$10,$E$10,IF($U25=$F$11,$E$11,IF($U25=$F$12,$E$12,IF($U25=$F$13,$E$13,IF($U25=$F$14,$E$14,IF($U25=$F$15,$E$15,IF($U25=$F$16,$E$16,IF($U25=$F$17,$E$17,"")))))))))))))&" "&IF($U25=$F$5,"(A)",IF($U25=$F$6,"(B)",IF($U25=$F$7,"(C)",IF($U25=$F$8,"(D)",IF($U25=$F$9,"(E)",IF($U25=$F$10,"(F)",IF($U25=$F$11,"(G)",IF($U25=$F$12,"(H)",IF($U25=$F$13,"(I)",IF($U25=$F$14,"(J)",IF($U25=$F$15,"(K)",IF($U25=$F$16,"(L)",IF($U25=$F$17,"(L)","")))))))))))))) | AD25: =CONCATENATE(IF($U25=$H$5,$G$5,IF($U25=$H$6,$G$6,IF($U25=$H$7,$G$7,IF($U25=$H$8,$G$8,IF($U25=$H$9,$G$9,IF($U25=$H$10,$G$10,IF($U25=$H$11,$G$11,IF($U25=$H$12,$G$12,IF($U25=$H$13,$G$13,IF($U25=$H$14,$G$14,IF($U25=$H$15,$G$15,IF($U25=$H$16,$G$16,IF($U25=$H$17,$G$17,"")))))))))))))&" "&IF($U25=$H$5,"(A)",IF($U25=$H$6,"(B)",IF($U25=$H$7,"(C)",IF($U25=$H$8,"(D)",IF($U25=$H$9,"(E)",IF($U25=$H$10,"(F)",IF($U25=$H$11,"(G)",IF($U25=$H$12,"(H)",IF($U25=$H$13,"(I)",IF($U25=$H$14,"(J)",IF($U25=$H$15,"(K)",IF($U25=$H$16,"(L)",IF($U25=$H$17,"(L)","")))))))))))))) | AE25: =CONCATENATE(IF($U25=$L$5,$K$5,IF($U25=$L$6,$K$6,IF($U25=$L$7,$K$7,IF($U25=$L$8,$K$8,IF($U25=$L$9,$K$9,IF($U25=$L$10,$K$10,IF($U25=$L$11,$K$11,IF($U25=$L$12,$K$12,IF($U25=$L$13,$K$13,IF($U25=$L$14,$K$14,IF($U25=$L$15,$K$15,IF($U25=$L$16,$K$16,IF($U25=$L$17,$K$17,"")))))))))))))&" "&IF($U25=$L$5,"(A)",IF($U25=$L$6,"(B)",IF($U25=$L$7,"(C)",IF($U25=$L$8,"(D)",IF($U25=$L$9,"(E)",IF($U25=$L$10,"(F)",IF($U25=$L$11,"(G)",IF($U25=$L$12,"(H)",IF($U25=$L$13,"(I)",IF($U25=$L$14,"(J)",IF($U25=$L$15,"(K)",IF($U25=$L$16,"(L)",IF($U25=$L$17,"(L)","")))))))))))))) | AF25: =CONCATENATE(IF($U25=$N$5,$M$5,IF($U25=$N$6,$M$6,IF($U25=$N$7,$M$7,IF($U25=$N$8,$M$8,IF($U25=$N$9,$M$9,IF($U25=$N$10,$M$10,IF($U25=$N$11,$M$11,IF($U25=$N$12,$M$12,IF($U25=$N$13,$M$13,IF($U25=$N$14,$M$14,IF($U25=$N$15,$M$15,IF($U25=$N$16,$M$16,IF($U25=$N$17,$M$17,"")))))))))))))&" "&(IF($U25=$N$5,"(A)",IF($U25=$N$6,"(B)",IF($U25=$N$7,"(C)",IF($U25=$N$8,"(D)",IF($U25=$N$9,"(E)",IF($U25=$N$10,"(F)",IF($U25=$N$11,"(G)",IF($U25=$N$12,"(H)",IF($U25=$N$13,"(I)",IF($U25=$N$14,"(J)",IF($U25=$N$15,"(K)",IF($U25=$N$16,"(L)",IF($U25=$N$17,"(L)",""))))))))))))))) | AG25: =CONCATENATE(IF($U25=$F$21,$E$21,IF($U25=$F$22,$E$22,IF($U25=$F$23,$E$23,IF($U25=$F$24,$E$24,IF($U25=$F$25,$E$25,IF($U25=$F$26,$E$26,IF($U25=$F$27,$E$27,IF($U25=$F$28,$E$28,IF($U25=$F$29,$E$29,IF($U25=$F$30,$E$30,IF($U25=$F$31,$E$31,IF($U25=$F$32,$E$32,IF($U25=$F$33,$E$33,IF($U25=$F$34,$E$34,"")))))))))))))&" "&(IF($U25=$F$21,"(A)",IF($U25=$F$22,"(B)",IF($U25=$F$23,"(C)",IF($U25=$F$24,"(D)",IF($U25=$F$25,"(E)",IF($U25=$F$26,"(F)",IF($U25=$F$27,"(G)",IF($U25=$F$28,"(H)",IF($U25=$F$29,"(I)",IF($U25=$F$30,"(J)",IF($U25=$D$63,"(K)",IF($U25=$F$32,"(L)",IF($U25=$F$33,"(M)",IF($U25=$F$34,"(N)",""))))))))))))))))) -> SP (M) | AH25: =CONCATENATE(IF($U25=$H$21,$G$21,IF($U25=$H$22,$G$22,IF($U25=$H$23,$G$23,IF($U25=$H$24,$G$24,IF($U25=$H$25,$G$25,IF($U25=$H$26,$G$26,IF($U25=$H$27,$G$27,IF($U25=$H$28,$G$28,IF($U25=$H$29,$G$29,IF($U25=$H$30,$G$30,IF($U25=$H$31,$G$31,IF($U25=$H$32,$G$32,IF($U25=$H$33,$G$33,IF($U25=$H$34,$G$34,""))))))))))))))&" "&(IF($U25=$H$21,"(A)",IF($U25=$H$22,"(B)",IF($U25=$H$23,"(C)",IF($U25=$H$24,"(D)",IF($U25=$H$25,"(E)",IF($U25=$H$26,"(F)",IF($U25=$H$27,"(G)",IF($U25=$H$28,"(H)",IF($U25=$H$29,"(I)",IF($U25=$H$30,"(J)",IF($U25=$H$31,"(K)",IF($U25=$H$32,"(L)",IF($U25=$H$33,"(M)",IF($U25=$H$34,"(N)","")))))))))))))))) | AI25: =CONCATENATE(IF($U25=$L$21,$K$21,IF($U25=$L$22,$K$22,IF($U25=$L$23,$K$23,IF($U25=$L$24,$K$24,IF($U25=$L$25,$K$25,IF($U25=$L$26,$K$26,IF($U25=$L$27,$K$27,IF($U25=$L$28,$K$28,IF($U25=$L$29,$K$29,IF($U25=$L$30,$K$30,IF($U25=$L$31,$K$31,IF($U25=$L$32,$K$32,IF($U25=$L$33,$K$33,IF($U25=$L$34,$K$34,""))))))))))))))&" "&IF($U25=$L$21,"(A)",IF($U25=$L$22,"(B)",IF($U25=$L$23,"(C)",IF($U25=$L$24,"(D)",IF($U25=$L$25,"(E)",IF($U25=$L$26,"(F)",IF($U25=$L$27,"(G)",IF($U25=$L$28,"(H)",IF($U25=$L$29,"(I)",IF($U25=$L$30,"(J)",IF($U25=$L$31,"(K)",IF($U25=$L$32,"(L)",IF($U25=$L$33,"(M)",IF($U25=$L$34,"(N)",""))))))))))))))) -> SP (H) | AJ25: =CONCATENATE(IF($U25=$N$21,$M$21,IF($U25=$N$22,$M$22,IF($U25=$N$23,$M$23,IF($U25=$N$24,$M$24,IF($U25=$N$25,$M$25,IF($U25=$N$26,$M$26,IF($U25=$N$27,$M$27,IF($U25=$N$28,$M$28,IF($U25=$N$29,$M$29,IF($U25=$N$30,$M$30,IF($U25=$N$31,$M$31,IF($U25=$N$32,$M$32,IF($U25=$N$33,$M$33,IF($U25=$N$34,$M$34,""))))))))))))))&" "&(IF($U25=$N$21,"(A)",IF($U25=$N$22,"(B)",IF($U25=$N$23,"(C)",IF($U25=$N$24,"(D)",IF($U25=$N$25,"(E)",IF($U25=$N$26,"(F)",IF($U25=$N$27,"(G)",IF($U25=$N$28,"(H)",IF($U25=$N$29,"(I)",IF($U25=$N$30,"(J)",IF($U25=$N$31,"(K)",IF($U25=$N$32,"(L)",IF($U25=$N$33,"(M)",IF($U25=$N$34,"(N)","")))))))))))))))) -> EVS (D) | AK25: =CONCATENATE(IF($U25=$F$37,$E$37,IF($U25=$F$38,$E$38,IF($U25=$F$39,$E$39,IF($U25=$F$40,$E$40,IF($U25=$F$41,$E$41,IF($U25=$F$42,$E$42,IF($U25=$F$43,$E$43,IF($U25=$F$44,$E$44,IF($U25=$F$45,$E$45,IF($U25=$F$46,$E$46,IF($U25=$F$47,$E$47,IF($U25=$F$48,$E$48,IF($U25=$F$49,$E$49,IF($U25=$F$50,$E$50,IF($U25=$F$51,$E$51,""))))))))))))))&" "&IF($U25=$F$38,"(A)",IF($U25=$F$39,"(B)",IF($U25=$F$40,"(C)",IF($U25=$F$41,"(D)",IF($U25=$F$42,"(E)",IF($U25=$F$43,"(F)",IF($U25=$F$44,"(G)",IF($U25=$F$45,"(H)",IF($U25=$F$46,"(I)",IF($U25=$F$47,"(J)",IF($U25=$F$48,"(K)",IF($U25=$F$49,"(L)",IF($U25=$F$50,"(M)",IF($U25=$F$51,"(N)","")))))))))))))))) | AL25: =CONCATENATE(IF($U25=$H$37,$G$37,IF($U25=$H$38,$G$38,IF($U25=$H$39,$G$39,IF($U25=$H$40,$G$40,IF($U25=$H$41,$G$41,IF($U25=$H$42,$G$42,IF($U25=$H$43,$G$43,IF($U25=$H$44,$G$44,IF($U25=$H$45,$G$45,IF($U25=$H$46,$G$46,IF($U25=$H$47,$G$47,IF($U25=$H$48,$G$48,IF($U25=$H$49,$G$49,IF($U25=$H$50,$G$50,IF($U25=$H$51,$G$51,"")))))))))))))))&" "&IF($U25=$H$38,"(A)",IF($U25=$H$39,"(B)",IF($U25=$H$40,"(C)",IF($U25=$H$41,"(D)",IF($U25=$H$42,"(E)",IF($U25=$H$43,"(F)",IF($U25=$H$44,"(G)",IF($U25=$H$45,"(H)",IF($U25=$H$46,"(I)",IF($U25=$H$47,"(J)",IF($U25=$H$48,"(K)",IF($U25=$H$49,"(L)",IF($U25=$H$50,"(M)",IF($U25=$H$51,"(N)",""))))))))))))))) | AM25: =CONCATENATE(IF($U25=$L$37,$K$37,IF($U25=$L$38,$K$38,IF($U25=$L$39,$K$39,IF($U25=$L$40,$K$40,IF($U25=$L$41,$K$41,IF($U25=$L$42,$K$42,IF($U25=$L$43,$K$43,IF($U25=$L$44,$K$44,IF($U25=$L$45,$K$45,IF($U25=$L$46,$K$46,IF($U25=$L$47,$K$47,IF($U25=$L$48,$K$48,IF($U25=$L$49,$K$49,IF($U25=$L$50,$K$50,IF($U25=$L$51,$K$51,"")))))))))))))))&" "&IF($U25=$L$38,"(A)",IF($U25=$L$39,"(B)",IF($U25=$L$40,"(C)",IF($U25=$L$41,"(D)",IF($U25=$L$42,"(E)",IF($U25=$L$43,"(F)",IF($U25=$L$44,"(G)",IF($U25=$L$45,"(H)",IF($U25=$L$46,"(I)",IF($U25=$L$47,"(J)",IF($U25=$L$48,"(K)",IF($U25=$L$49,"(L)",IF($U25=$L$50,"(M)",IF($U25=$L$51,"(N)",""))))))))))))))) | AN25: =CONCATENATE(IF($U25=$N$37,$M$37,IF($U25=$N$38,$M$38,IF($U25=$N$39,$M$39,IF($U25=$N$40,$M$40,IF($U25=$N$41,$M$41,IF($U25=$N$42,$M$42,IF($U25=$N$43,$M$43,IF($U25=$N$44,$M$44,IF($U25=$N$45,$M$45,IF($U25=$N$46,$M$46,IF($U25=$N$47,$M$47,IF($U25=$N$48,$M$48,IF($U25=$N$49,$M$49,IF($U25=$N$50,$M$50,IF($U25=$N$51,$M$51,"")))))))))))))))&" "&IF($U25=$N$38,"(A)",IF($U25=$N$39,"(B)",IF($U25=$N$40,"(C)",IF($U25=$N$41,"(D)",IF($U25=$N$42,"(E)",IF($U25=$N$43,"(F)",IF($U25=$N$44,"(G)",IF($U25=$N$45,"(H)",IF($U25=$N$46,"(I)",IF($U25=$N$47,"(J)",IF($U25=$N$48,"(K)",IF($U25=$N$49,"(L)",IF($U25=$N$50,"(M)",IF($U25=$N$51,"(N)","")))))))))))))))
B26: CM+OP | C26: F | E26: =_xlfn.XLOOKUP(F26, $K$88:$K$95, $L$88:$L$95, "Training") -> MM | F26: (SB) | G26: =_xlfn.XLOOKUP(H26, $K$88:$K$95, $L$88:$L$95, "Training") -> EVS | H26: (RR) | K26: =_xlfn.XLOOKUP(L26, $K$88:$K$95, $L$88:$L$95, "Training") -> ED | L26: (YL) | M26: =_xlfn.XLOOKUP(N26, $K$88:$K$95, $L$88:$L$95, "Training") -> CA | N26: (VA) | U26: (MK) | V26: =SUM(COUNTIF($E$5:$N$55,U26),IF(T26<>0,COUNTIF($E$5:$N$55,T26),0),IF(S26<>0,COUNTIF($E$5:$N$55,S26),0)) -> 3 | X26: =U26 -> (MK) | Y26: =SUM((COUNTIF($E$5:$F$55,$U26)),IF($T27<>0,(COUNTIF($E$5:$F$55,$T27))),IF($S27<>0,(COUNTIF($E$5:$F$55,$S27)))) -> 1 | Z26: =SUM(COUNTIF($G$5:$J$55,$U26),IF($T27<>0,(COUNTIF($G$5:$J$55,$T27))),IF($S27<>0,(COUNTIF($G$5:$J$55,$S27)))) -> 0 | AA26: =SUM(COUNTIF($K$5:$L$55,$U26),IF($T27<>0,(COUNTIF($K$5:$L$55,$T27))),IF($S27<>0,(COUNTIF($K$5:$L$55,$S27)))) -> 1 | AB26: =SUM(COUNTIF($M$5:$N$55,$U26),IF($T27<>0,(COUNTIF($M$5:$N$55,$T27))),IF($S27<>0,(COUNTIF($M$5:$N$55,$S27)))) -> 1 | AC26: =CONCATENATE(IF($U26=$F$5,$E$5,IF($U26=$F$6,$E$6,IF($U26=$F$7,$E$7,IF($U26=$F$8,$E$8,IF($U26=$F$9,$E$9,IF($U26=$F$10,$E$10,IF($U26=$F$11,$E$11,IF($U26=$F$12,$E$12,IF($U26=$F$13,$E$13,IF($U26=$F$14,$E$14,IF($U26=$F$15,$E$15,IF($U26=$F$16,$E$16,IF($U26=$F$17,$E$17,"")))))))))))))&" "&IF($U26=$F$5,"(A)",IF($U26=$F$6,"(B)",IF($U26=$F$7,"(C)",IF($U26=$F$8,"(D)",IF($U26=$F$9,"(E)",IF($U26=$F$10,"(F)",IF($U26=$F$11,"(G)",IF($U26=$F$12,"(H)",IF($U26=$F$13,"(I)",IF($U26=$F$14,"(J)",IF($U26=$F$15,"(K)",IF($U26=$F$16,"(L)",IF($U26=$F$17,"(L)","")))))))))))))) | AD26: =CONCATENATE(IF($U26=$H$5,$G$5,IF($U26=$H$6,$G$6,IF($U26=$H$7,$G$7,IF($U26=$H$8,$G$8,IF($U26=$H$9,$G$9,IF($U26=$H$10,$G$10,IF($U26=$H$11,$G$11,IF($U26=$H$12,$G$12,IF($U26=$H$13,$G$13,IF($U26=$H$14,$G$14,IF($U26=$H$15,$G$15,IF($U26=$H$16,$G$16,IF($U26=$H$17,$G$17,"")))))))))))))&" "&IF($U26=$H$5,"(A)",IF($U26=$H$6,"(B)",IF($U26=$H$7,"(C)",IF($U26=$H$8,"(D)",IF($U26=$H$9,"(E)",IF($U26=$H$10,"(F)",IF($U26=$H$11,"(G)",IF($U26=$H$12,"(H)",IF($U26=$H$13,"(I)",IF($U26=$H$14,"(J)",IF($U26=$H$15,"(K)",IF($U26=$H$16,"(L)",IF($U26=$H$17,"(L)","")))))))))))))) | AE26: =CONCATENATE(IF($U26=$L$5,$K$5,IF($U26=$L$6,$K$6,IF($U26=$L$7,$K$7,IF($U26=$L$8,$K$8,IF($U26=$L$9,$K$9,IF($U26=$L$10,$K$10,IF($U26=$L$11,$K$11,IF($U26=$L$12,$K$12,IF($U26=$L$13,$K$13,IF($U26=$L$14,$K$14,IF($U26=$L$15,$K$15,IF($U26=$L$16,$K$16,IF($U26=$L$17,$K$17,"")))))))))))))&" "&IF($U26=$L$5,"(A)",IF($U26=$L$6,"(B)",IF($U26=$L$7,"(C)",IF($U26=$L$8,"(D)",IF($U26=$L$9,"(E)",IF($U26=$L$10,"(F)",IF($U26=$L$11,"(G)",IF($U26=$L$12,"(H)",IF($U26=$L$13,"(I)",IF($U26=$L$14,"(J)",IF($U26=$L$15,"(K)",IF($U26=$L$16,"(L)",IF($U26=$L$17,"(L)","")))))))))))))) | AF26: =CONCATENATE(IF($U26=$N$5,$M$5,IF($U26=$N$6,$M$6,IF($U26=$N$7,$M$7,IF($U26=$N$8,$M$8,IF($U26=$N$9,$M$9,IF($U26=$N$10,$M$10,IF($U26=$N$11,$M$11,IF($U26=$N$12,$M$12,IF($U26=$N$13,$M$13,IF($U26=$N$14,$M$14,IF($U26=$N$15,$M$15,IF($U26=$N$16,$M$16,IF($U26=$N$17,$M$17,"")))))))))))))&" "&(IF($U26=$N$5,"(A)",IF($U26=$N$6,"(B)",IF($U26=$N$7,"(C)",IF($U26=$N$8,"(D)",IF($U26=$N$9,"(E)",IF($U26=$N$10,"(F)",IF($U26=$N$11,"(G)",IF($U26=$N$12,"(H)",IF($U26=$N$13,"(I)",IF($U26=$N$14,"(J)",IF($U26=$N$15,"(K)",IF($U26=$N$16,"(L)",IF($U26=$N$17,"(L)",""))))))))))))))) | AG26: =CONCATENATE(IF($U26=$F$21,$E$21,IF($U26=$F$22,$E$22,IF($U26=$F$23,$E$23,IF($U26=$F$24,$E$24,IF($U26=$F$25,$E$25,IF($U26=$F$26,$E$26,IF($U26=$F$27,$E$27,IF($U26=$F$28,$E$28,IF($U26=$F$29,$E$29,IF($U26=$F$30,$E$30,IF($U26=$F$31,$E$31,IF($U26=$F$32,$E$32,IF($U26=$F$33,$E$33,IF($U26=$F$34,$E$34,"")))))))))))))&" "&(IF($U26=$F$21,"(A)",IF($U26=$F$22,"(B)",IF($U26=$F$23,"(C)",IF($U26=$F$24,"(D)",IF($U26=$F$25,"(E)",IF($U26=$F$26,"(F)",IF($U26=$F$27,"(G)",IF($U26=$F$28,"(H)",IF($U26=$F$29,"(I)",IF($U26=$F$30,"(J)",IF($U26=$D$63,"(K)",IF($U26=$F$32,"(L)",IF($U26=$F$33,"(M)",IF($U26=$F$34,"(N)",""))))))))))))))))) | AH26: =CONCATENATE(IF($U26=$H$21,$G$21,IF($U26=$H$22,$G$22,IF($U26=$H$23,$G$23,IF($U26=$H$24,$G$24,IF($U26=$H$25,$G$25,IF($U26=$H$26,$G$26,IF($U26=$H$27,$G$27,IF($U26=$H$28,$G$28,IF($U26=$H$29,$G$29,IF($U26=$H$30,$G$30,IF($U26=$H$31,$G$31,IF($U26=$H$32,$G$32,IF($U26=$H$33,$G$33,IF($U26=$H$34,$G$34,""))))))))))))))&" "&(IF($U26=$H$21,"(A)",IF($U26=$H$22,"(B)",IF($U26=$H$23,"(C)",IF($U26=$H$24,"(D)",IF($U26=$H$25,"(E)",IF($U26=$H$26,"(F)",IF($U26=$H$27,"(G)",IF($U26=$H$28,"(H)",IF($U26=$H$29,"(I)",IF($U26=$H$30,"(J)",IF($U26=$H$31,"(K)",IF($U26=$H$32,"(L)",IF($U26=$H$33,"(M)",IF($U26=$H$34,"(N)","")))))))))))))))) | AI26: =CONCATENATE(IF($U26=$L$21,$K$21,IF($U26=$L$22,$K$22,IF($U26=$L$23,$K$23,IF($U26=$L$24,$K$24,IF($U26=$L$25,$K$25,IF($U26=$L$26,$K$26,IF($U26=$L$27,$K$27,IF($U26=$L$28,$K$28,IF($U26=$L$29,$K$29,IF($U26=$L$30,$K$30,IF($U26=$L$31,$K$31,IF($U26=$L$32,$K$32,IF($U26=$L$33,$K$33,IF($U26=$L$34,$K$34,""))))))))))))))&" "&IF($U26=$L$21,"(A)",IF($U26=$L$22,"(B)",IF($U26=$L$23,"(C)",IF($U26=$L$24,"(D)",IF($U26=$L$25,"(E)",IF($U26=$L$26,"(F)",IF($U26=$L$27,"(G)",IF($U26=$L$28,"(H)",IF($U26=$L$29,"(I)",IF($U26=$L$30,"(J)",IF($U26=$L$31,"(K)",IF($U26=$L$32,"(L)",IF($U26=$L$33,"(M)",IF($U26=$L$34,"(N)",""))))))))))))))) | AJ26: =CONCATENATE(IF($U26=$N$21,$M$21,IF($U26=$N$22,$M$22,IF($U26=$N$23,$M$23,IF($U26=$N$24,$M$24,IF($U26=$N$25,$M$25,IF($U26=$N$26,$M$26,IF($U26=$N$27,$M$27,IF($U26=$N$28,$M$28,IF($U26=$N$29,$M$29,IF($U26=$N$30,$M$30,IF($U26=$N$31,$M$31,IF($U26=$N$32,$M$32,IF($U26=$N$33,$M$33,IF($U26=$N$34,$M$34,""))))))))))))))&" "&(IF($U26=$N$21,"(A)",IF($U26=$N$22,"(B)",IF($U26=$N$23,"(C)",IF($U26=$N$24,"(D)",IF($U26=$N$25,"(E)",IF($U26=$N$26,"(F)",IF($U26=$N$27,"(G)",IF($U26=$N$28,"(H)",IF($U26=$N$29,"(I)",IF($U26=$N$30,"(J)",IF($U26=$N$31,"(K)",IF($U26=$N$32,"(L)",IF($U26=$N$33,"(M)",IF($U26=$N$34,"(N)","")))))))))))))))) | AK26: =CONCATENATE(IF($U26=$F$37,$E$37,IF($U26=$F$38,$E$38,IF($U26=$F$39,$E$39,IF($U26=$F$40,$E$40,IF($U26=$F$41,$E$41,IF($U26=$F$42,$E$42,IF($U26=$F$43,$E$43,IF($U26=$F$44,$E$44,IF($U26=$F$45,$E$45,IF($U26=$F$46,$E$46,IF($U26=$F$47,$E$47,IF($U26=$F$48,$E$48,IF($U26=$F$49,$E$49,IF($U26=$F$50,$E$50,IF($U26=$F$51,$E$51,""))))))))))))))&" "&IF($U26=$F$38,"(A)",IF($U26=$F$39,"(B)",IF($U26=$F$40,"(C)",IF($U26=$F$41,"(D)",IF($U26=$F$42,"(E)",IF($U26=$F$43,"(F)",IF($U26=$F$44,"(G)",IF($U26=$F$45,"(H)",IF($U26=$F$46,"(I)",IF($U26=$F$47,"(J)",IF($U26=$F$48,"(K)",IF($U26=$F$49,"(L)",IF($U26=$F$50,"(M)",IF($U26=$F$51,"(N)","")))))))))))))))) -> FA (H) | AL26: =CONCATENATE(IF($U26=$H$37,$G$37,IF($U26=$H$38,$G$38,IF($U26=$H$39,$G$39,IF($U26=$H$40,$G$40,IF($U26=$H$41,$G$41,IF($U26=$H$42,$G$42,IF($U26=$H$43,$G$43,IF($U26=$H$44,$G$44,IF($U26=$H$45,$G$45,IF($U26=$H$46,$G$46,IF($U26=$H$47,$G$47,IF($U26=$H$48,$G$48,IF($U26=$H$49,$G$49,IF($U26=$H$50,$G$50,IF($U26=$H$51,$G$51,"")))))))))))))))&" "&IF($U26=$H$38,"(A)",IF($U26=$H$39,"(B)",IF($U26=$H$40,"(C)",IF($U26=$H$41,"(D)",IF($U26=$H$42,"(E)",IF($U26=$H$43,"(F)",IF($U26=$H$44,"(G)",IF($U26=$H$45,"(H)",IF($U26=$H$46,"(I)",IF($U26=$H$47,"(J)",IF($U26=$H$48,"(K)",IF($U26=$H$49,"(L)",IF($U26=$H$50,"(M)",IF($U26=$H$51,"(N)",""))))))))))))))) | AM26: =CONCATENATE(IF($U26=$L$37,$K$37,IF($U26=$L$38,$K$38,IF($U26=$L$39,$K$39,IF($U26=$L$40,$K$40,IF($U26=$L$41,$K$41,IF($U26=$L$42,$K$42,IF($U26=$L$43,$K$43,IF($U26=$L$44,$K$44,IF($U26=$L$45,$K$45,IF($U26=$L$46,$K$46,IF($U26=$L$47,$K$47,IF($U26=$L$48,$K$48,IF($U26=$L$49,$K$49,IF($U26=$L$50,$K$50,IF($U26=$L$51,$K$51,"")))))))))))))))&" "&IF($U26=$L$38,"(A)",IF($U26=$L$39,"(B)",IF($U26=$L$40,"(C)",IF($U26=$L$41,"(D)",IF($U26=$L$42,"(E)",IF($U26=$L$43,"(F)",IF($U26=$L$44,"(G)",IF($U26=$L$45,"(H)",IF($U26=$L$46,"(I)",IF($U26=$L$47,"(J)",IF($U26=$L$48,"(K)",IF($U26=$L$49,"(L)",IF($U26=$L$50,"(M)",IF($U26=$L$51,"(N)",""))))))))))))))) -> FA (C) | AN26: =CONCATENATE(IF($U26=$N$37,$M$37,IF($U26=$N$38,$M$38,IF($U26=$N$39,$M$39,IF($U26=$N$40,$M$40,IF($U26=$N$41,$M$41,IF($U26=$N$42,$M$42,IF($U26=$N$43,$M$43,IF($U26=$N$44,$M$44,IF($U26=$N$45,$M$45,IF($U26=$N$46,$M$46,IF($U26=$N$47,$M$47,IF($U26=$N$48,$M$48,IF($U26=$N$49,$M$49,IF($U26=$N$50,$M$50,IF($U26=$N$51,$M$51,"")))))))))))))))&" "&IF($U26=$N$38,"(A)",IF($U26=$N$39,"(B)",IF($U26=$N$40,"(C)",IF($U26=$N$41,"(D)",IF($U26=$N$42,"(E)",IF($U26=$N$43,"(F)",IF($U26=$N$44,"(G)",IF($U26=$N$45,"(H)",IF($U26=$N$46,"(I)",IF($U26=$N$47,"(J)",IF($U26=$N$48,"(K)",IF($U26=$N$49,"(L)",IF($U26=$N$50,"(M)",IF($U26=$N$51,"(N)",""))))))))))))))) -> FA (A)
B27: OP/CM/CP | C27: G | E27: =_xlfn.XLOOKUP(F27, $M$88:$M$95, $N$88:$N$95, "Training") -> MM | F27: (VAR) | G27: =_xlfn.XLOOKUP(H27, $M$88:$M$95, $N$88:$N$95, "Training") -> EVS | H27: (MB) | K27: =_xlfn.XLOOKUP(L27, $M$88:$M$95, $N$88:$N$95, "Training") -> HR | L27: (AS) | M27: =_xlfn.XLOOKUP(N27, $M$88:$M$95, $N$88:$N$95, "Training") -> CA | N27: (KR) | U27: (MS) | V27: =SUM(COUNTIF($E$5:$N$55,U27),IF(T27<>0,COUNTIF($E$5:$N$55,T27),0),IF(S27<>0,COUNTIF($E$5:$N$55,S27),0)) -> 3 | X27: =U27 -> (MS) | Y27: =SUM((COUNTIF($E$5:$F$55,$U27)),IF($T28<>0,(COUNTIF($E$5:$F$55,$T28))),IF($S28<>0,(COUNTIF($E$5:$F$55,$S28)))) -> 1 | Z27: =SUM(COUNTIF($G$5:$J$55,$U27),IF($T28<>0,(COUNTIF($G$5:$J$55,$T28))),IF($S28<>0,(COUNTIF($G$5:$J$55,$S28)))) -> 1 | AA27: =SUM(COUNTIF($K$5:$L$55,$U27),IF($T28<>0,(COUNTIF($K$5:$L$55,$T28))),IF($S28<>0,(COUNTIF($K$5:$L$55,$S28)))) -> 0 | AB27: =SUM(COUNTIF($M$5:$N$55,$U27),IF($T28<>0,(COUNTIF($M$5:$N$55,$T28))),IF($S28<>0,(COUNTIF($M$5:$N$55,$S28)))) -> 1 | AC27: =CONCATENATE(IF($U27=$F$5,$E$5,IF($U27=$F$6,$E$6,IF($U27=$F$7,$E$7,IF($U27=$F$8,$E$8,IF($U27=$F$9,$E$9,IF($U27=$F$10,$E$10,IF($U27=$F$11,$E$11,IF($U27=$F$12,$E$12,IF($U27=$F$13,$E$13,IF($U27=$F$14,$E$14,IF($U27=$F$15,$E$15,IF($U27=$F$16,$E$16,IF($U27=$F$17,$E$17,"")))))))))))))&" "&IF($U27=$F$5,"(A)",IF($U27=$F$6,"(B)",IF($U27=$F$7,"(C)",IF($U27=$F$8,"(D)",IF($U27=$F$9,"(E)",IF($U27=$F$10,"(F)",IF($U27=$F$11,"(G)",IF($U27=$F$12,"(H)",IF($U27=$F$13,"(I)",IF($U27=$F$14,"(J)",IF($U27=$F$15,"(K)",IF($U27=$F$16,"(L)",IF($U27=$F$17,"(L)","")))))))))))))) -> AA (F) | AD27: =CONCATENATE(IF($U27=$H$5,$G$5,IF($U27=$H$6,$G$6,IF($U27=$H$7,$G$7,IF($U27=$H$8,$G$8,IF($U27=$H$9,$G$9,IF($U27=$H$10,$G$10,IF($U27=$H$11,$G$11,IF($U27=$H$12,$G$12,IF($U27=$H$13,$G$13,IF($U27=$H$14,$G$14,IF($U27=$H$15,$G$15,IF($U27=$H$16,$G$16,IF($U27=$H$17,$G$17,"")))))))))))))&" "&IF($U27=$H$5,"(A)",IF($U27=$H$6,"(B)",IF($U27=$H$7,"(C)",IF($U27=$H$8,"(D)",IF($U27=$H$9,"(E)",IF($U27=$H$10,"(F)",IF($U27=$H$11,"(G)",IF($U27=$H$12,"(H)",IF($U27=$H$13,"(I)",IF($U27=$H$14,"(J)",IF($U27=$H$15,"(K)",IF($U27=$H$16,"(L)",IF($U27=$H$17,"(L)","")))))))))))))) | AE27: =CONCATENATE(IF($U27=$L$5,$K$5,IF($U27=$L$6,$K$6,IF($U27=$L$7,$K$7,IF($U27=$L$8,$K$8,IF($U27=$L$9,$K$9,IF($U27=$L$10,$K$10,IF($U27=$L$11,$K$11,IF($U27=$L$12,$K$12,IF($U27=$L$13,$K$13,IF($U27=$L$14,$K$14,IF($U27=$L$15,$K$15,IF($U27=$L$16,$K$16,IF($U27=$L$17,$K$17,"")))))))))))))&" "&IF($U27=$L$5,"(A)",IF($U27=$L$6,"(B)",IF($U27=$L$7,"(C)",IF($U27=$L$8,"(D)",IF($U27=$L$9,"(E)",IF($U27=$L$10,"(F)",IF($U27=$L$11,"(G)",IF($U27=$L$12,"(H)",IF($U27=$L$13,"(I)",IF($U27=$L$14,"(J)",IF($U27=$L$15,"(K)",IF($U27=$L$16,"(L)",IF($U27=$L$17,"(L)","")))))))))))))) | AF27: =CONCATENATE(IF($U27=$N$5,$M$5,IF($U27=$N$6,$M$6,IF($U27=$N$7,$M$7,IF($U27=$N$8,$M$8,IF($U27=$N$9,$M$9,IF($U27=$N$10,$M$10,IF($U27=$N$11,$M$11,IF($U27=$N$12,$M$12,IF($U27=$N$13,$M$13,IF($U27=$N$14,$M$14,IF($U27=$N$15,$M$15,IF($U27=$N$16,$M$16,IF($U27=$N$17,$M$17,"")))))))))))))&" "&(IF($U27=$N$5,"(A)",IF($U27=$N$6,"(B)",IF($U27=$N$7,"(C)",IF($U27=$N$8,"(D)",IF($U27=$N$9,"(E)",IF($U27=$N$10,"(F)",IF($U27=$N$11,"(G)",IF($U27=$N$12,"(H)",IF($U27=$N$13,"(I)",IF($U27=$N$14,"(J)",IF($U27=$N$15,"(K)",IF($U27=$N$16,"(L)",IF($U27=$N$17,"(L)",""))))))))))))))) -> FMS (B) | AG27: =CONCATENATE(IF($U27=$F$21,$E$21,IF($U27=$F$22,$E$22,IF($U27=$F$23,$E$23,IF($U27=$F$24,$E$24,IF($U27=$F$25,$E$25,IF($U27=$F$26,$E$26,IF($U27=$F$27,$E$27,IF($U27=$F$28,$E$28,IF($U27=$F$29,$E$29,IF($U27=$F$30,$E$30,IF($U27=$F$31,$E$31,IF($U27=$F$32,$E$32,IF($U27=$F$33,$E$33,IF($U27=$F$34,$E$34,"")))))))))))))&" "&(IF($U27=$F$21,"(A)",IF($U27=$F$22,"(B)",IF($U27=$F$23,"(C)",IF($U27=$F$24,"(D)",IF($U27=$F$25,"(E)",IF($U27=$F$26,"(F)",IF($U27=$F$27,"(G)",IF($U27=$F$28,"(H)",IF($U27=$F$29,"(I)",IF($U27=$F$30,"(J)",IF($U27=$D$63,"(K)",IF($U27=$F$32,"(L)",IF($U27=$F$33,"(M)",IF($U27=$F$34,"(N)",""))))))))))))))))) | AH27: =CONCATENATE(IF($U27=$H$21,$G$21,IF($U27=$H$22,$G$22,IF($U27=$H$23,$G$23,IF($U27=$H$24,$G$24,IF($U27=$H$25,$G$25,IF($U27=$H$26,$G$26,IF($U27=$H$27,$G$27,IF($U27=$H$28,$G$28,IF($U27=$H$29,$G$29,IF($U27=$H$30,$G$30,IF($U27=$H$31,$G$31,IF($U27=$H$32,$G$32,IF($U27=$H$33,$G$33,IF($U27=$H$34,$G$34,""))))))))))))))&" "&(IF($U27=$H$21,"(A)",IF($U27=$H$22,"(B)",IF($U27=$H$23,"(C)",IF($U27=$H$24,"(D)",IF($U27=$H$25,"(E)",IF($U27=$H$26,"(F)",IF($U27=$H$27,"(G)",IF($U27=$H$28,"(H)",IF($U27=$H$29,"(I)",IF($U27=$H$30,"(J)",IF($U27=$H$31,"(K)",IF($U27=$H$32,"(L)",IF($U27=$H$33,"(M)",IF($U27=$H$34,"(N)","")))))))))))))))) -> ED (I) | AI27: =CONCATENATE(IF($U27=$L$21,$K$21,IF($U27=$L$22,$K$22,IF($U27=$L$23,$K$23,IF($U27=$L$24,$K$24,IF($U27=$L$25,$K$25,IF($U27=$L$26,$K$26,IF($U27=$L$27,$K$27,IF($U27=$L$28,$K$28,IF($U27=$L$29,$K$29,IF($U27=$L$30,$K$30,IF($U27=$L$31,$K$31,IF($U27=$L$32,$K$32,IF($U27=$L$33,$K$33,IF($U27=$L$34,$K$34,""))))))))))))))&" "&IF($U27=$L$21,"(A)",IF($U27=$L$22,"(B)",IF($U27=$L$23,"(C)",IF($U27=$L$24,"(D)",IF($U27=$L$25,"(E)",IF($U27=$L$26,"(F)",IF($U27=$L$27,"(G)",IF($U27=$L$28,"(H)",IF($U27=$L$29,"(I)",IF($U27=$L$30,"(J)",IF($U27=$L$31,"(K)",IF($U27=$L$32,"(L)",IF($U27=$L$33,"(M)",IF($U27=$L$34,"(N)",""))))))))))))))) | AJ27: =CONCATENATE(IF($U27=$N$21,$M$21,IF($U27=$N$22,$M$22,IF($U27=$N$23,$M$23,IF($U27=$N$24,$M$24,IF($U27=$N$25,$M$25,IF($U27=$N$26,$M$26,IF($U27=$N$27,$M$27,IF($U27=$N$28,$M$28,IF($U27=$N$29,$M$29,IF($U27=$N$30,$M$30,IF($U27=$N$31,$M$31,IF($U27=$N$32,$M$32,IF($U27=$N$33,$M$33,IF($U27=$N$34,$M$34,""))))))))))))))&" "&(IF($U27=$N$21,"(A)",IF($U27=$N$22,"(B)",IF($U27=$N$23,"(C)",IF($U27=$N$24,"(D)",IF($U27=$N$25,"(E)",IF($U27=$N$26,"(F)",IF($U27=$N$27,"(G)",IF($U27=$N$28,"(H)",IF($U27=$N$29,"(I)",IF($U27=$N$30,"(J)",IF($U27=$N$31,"(K)",IF($U27=$N$32,"(L)",IF($U27=$N$33,"(M)",IF($U27=$N$34,"(N)","")))))))))))))))) | AK27: =CONCATENATE(IF($U27=$F$37,$E$37,IF($U27=$F$38,$E$38,IF($U27=$F$39,$E$39,IF($U27=$F$40,$E$40,IF($U27=$F$41,$E$41,IF($U27=$F$42,$E$42,IF($U27=$F$43,$E$43,IF($U27=$F$44,$E$44,IF($U27=$F$45,$E$45,IF($U27=$F$46,$E$46,IF($U27=$F$47,$E$47,IF($U27=$F$48,$E$48,IF($U27=$F$49,$E$49,IF($U27=$F$50,$E$50,IF($U27=$F$51,$E$51,""))))))))))))))&" "&IF($U27=$F$38,"(A)",IF($U27=$F$39,"(B)",IF($U27=$F$40,"(C)",IF($U27=$F$41,"(D)",IF($U27=$F$42,"(E)",IF($U27=$F$43,"(F)",IF($U27=$F$44,"(G)",IF($U27=$F$45,"(H)",IF($U27=$F$46,"(I)",IF($U27=$F$47,"(J)",IF($U27=$F$48,"(K)",IF($U27=$F$49,"(L)",IF($U27=$F$50,"(M)",IF($U27=$F$51,"(N)","")))))))))))))))) | AL27: =CONCATENATE(IF($U27=$H$37,$G$37,IF($U27=$H$38,$G$38,IF($U27=$H$39,$G$39,IF($U27=$H$40,$G$40,IF($U27=$H$41,$G$41,IF($U27=$H$42,$G$42,IF($U27=$H$43,$G$43,IF($U27=$H$44,$G$44,IF($U27=$H$45,$G$45,IF($U27=$H$46,$G$46,IF($U27=$H$47,$G$47,IF($U27=$H$48,$G$48,IF($U27=$H$49,$G$49,IF($U27=$H$50,$G$50,IF($U27=$H$51,$G$51,"")))))))))))))))&" "&IF($U27=$H$38,"(A)",IF($U27=$H$39,"(B)",IF($U27=$H$40,"(C)",IF($U27=$H$41,"(D)",IF($U27=$H$42,"(E)",IF($U27=$H$43,"(F)",IF($U27=$H$44,"(G)",IF($U27=$H$45,"(H)",IF($U27=$H$46,"(I)",IF($U27=$H$47,"(J)",IF($U27=$H$48,"(K)",IF($U27=$H$49,"(L)",IF($U27=$H$50,"(M)",IF($U27=$H$51,"(N)",""))))))))))))))) | AM27: =CONCATENATE(IF($U27=$L$37,$K$37,IF($U27=$L$38,$K$38,IF($U27=$L$39,$K$39,IF($U27=$L$40,$K$40,IF($U27=$L$41,$K$41,IF($U27=$L$42,$K$42,IF($U27=$L$43,$K$43,IF($U27=$L$44,$K$44,IF($U27=$L$45,$K$45,IF($U27=$L$46,$K$46,IF($U27=$L$47,$K$47,IF($U27=$L$48,$K$48,IF($U27=$L$49,$K$49,IF($U27=$L$50,$K$50,IF($U27=$L$51,$K$51,"")))))))))))))))&" "&IF($U27=$L$38,"(A)",IF($U27=$L$39,"(B)",IF($U27=$L$40,"(C)",IF($U27=$L$41,"(D)",IF($U27=$L$42,"(E)",IF($U27=$L$43,"(F)",IF($U27=$L$44,"(G)",IF($U27=$L$45,"(H)",IF($U27=$L$46,"(I)",IF($U27=$L$47,"(J)",IF($U27=$L$48,"(K)",IF($U27=$L$49,"(L)",IF($U27=$L$50,"(M)",IF($U27=$L$51,"(N)",""))))))))))))))) | AN27: =CONCATENATE(IF($U27=$N$37,$M$37,IF($U27=$N$38,$M$38,IF($U27=$N$39,$M$39,IF($U27=$N$40,$M$40,IF($U27=$N$41,$M$41,IF($U27=$N$42,$M$42,IF($U27=$N$43,$M$43,IF($U27=$N$44,$M$44,IF($U27=$N$45,$M$45,IF($U27=$N$46,$M$46,IF($U27=$N$47,$M$47,IF($U27=$N$48,$M$48,IF($U27=$N$49,$M$49,IF($U27=$N$50,$M$50,IF($U27=$N$51,$M$51,"")))))))))))))))&" "&IF($U27=$N$38,"(A)",IF($U27=$N$39,"(B)",IF($U27=$N$40,"(C)",IF($U27=$N$41,"(D)",IF($U27=$N$42,"(E)",IF($U27=$N$43,"(F)",IF($U27=$N$44,"(G)",IF($U27=$N$45,"(H)",IF($U27=$N$46,"(I)",IF($U27=$N$47,"(J)",IF($U27=$N$48,"(K)",IF($U27=$N$49,"(L)",IF($U27=$N$50,"(M)",IF($U27=$N$51,"(N)","")))))))))))))))
